Recipe,Workflow Instance,Network Instance,Num Tasks,Num Processors,Scheduler,Dup Factor,Makespan
montage,0,0,1867,1,HEFT,1,624003.1793117003
montage,0,0,1867,1,CPoP,1,624003.1793117255
montage,0,0,1867,1,HEFT,2,624003.1793117003
montage,0,0,1867,1,CPoP,2,624003.1793117255
montage,0,1,1867,3,HEFT,1,160502.0885916312
montage,0,1,1867,3,CPoP,1,160603.26266750958
montage,0,1,1867,3,HEFT,2,160502.0885916312
montage,0,1,1867,3,CPoP,2,160603.26266750958
montage,0,2,1867,4,HEFT,1,118041.012305522
montage,0,2,1867,4,CPoP,1,118096.91697005066
montage,0,2,1867,4,HEFT,2,118041.012305522
montage,0,2,1867,4,CPoP,2,118096.91697005066
montage,0,3,1867,1,HEFT,1,369493.42818611435
montage,0,3,1867,1,CPoP,1,369493.42818614404
montage,0,3,1867,1,HEFT,2,369493.42818611435
montage,0,3,1867,1,CPoP,2,369493.42818614404
montage,0,4,1867,5,HEFT,1,96978.28321652448
montage,0,4,1867,5,CPoP,1,97067.89500071637
montage,0,4,1867,5,HEFT,2,96978.28321652448
montage,0,4,1867,5,CPoP,2,97067.89500071637
montage,0,5,1867,4,HEFT,1,124543.2420166199
montage,0,5,1867,4,CPoP,1,124610.12777434707
montage,0,5,1867,4,HEFT,2,124543.2420166199
montage,0,5,1867,4,CPoP,2,124610.12777434707
montage,0,6,1867,6,HEFT,1,73789.50890749582
montage,0,6,1867,6,CPoP,1,73862.09492909543
montage,0,6,1867,6,HEFT,2,73789.50890749582
montage,0,6,1867,6,CPoP,2,73862.09492909543
montage,0,7,1867,1,HEFT,1,364331.76964236837
montage,0,7,1867,1,CPoP,1,364331.76964239805
montage,0,7,1867,1,HEFT,2,364331.76964236837
montage,0,7,1867,1,CPoP,2,364331.76964239805
montage,0,8,1867,6,HEFT,1,79011.72822478999
montage,0,8,1867,6,CPoP,1,79099.1565617756
montage,0,8,1867,6,HEFT,2,79011.72822478999
montage,0,8,1867,6,CPoP,2,79099.1565617756
montage,0,9,1867,3,HEFT,1,159967.43013981316
montage,0,9,1867,3,CPoP,1,160073.82231005243
montage,0,9,1867,3,HEFT,2,159967.43013981316
montage,0,9,1867,3,CPoP,2,160073.82231005243
montage,1,0,1554,1,HEFT,1,512458.0562693221
montage,1,0,1554,1,CPoP,1,512458.05626934685
montage,1,0,1554,1,HEFT,2,512458.0562693221
montage,1,0,1554,1,CPoP,2,512458.05626934685
montage,1,1,1554,3,HEFT,1,131813.98908696388
montage,1,1,1554,3,CPoP,1,131879.08489240595
montage,1,1,1554,3,HEFT,2,131813.98908696388
montage,1,1,1554,3,CPoP,2,131879.08489240595
montage,1,2,1554,4,HEFT,1,96942.89655882506
montage,1,2,1554,4,CPoP,1,96981.42766044186
montage,1,2,1554,4,HEFT,2,96942.89655882506
montage,1,2,1554,4,CPoP,2,96981.42766044186
montage,1,3,1554,1,HEFT,1,303443.7808817027
montage,1,3,1554,1,CPoP,1,303443.7808817222
montage,1,3,1554,1,HEFT,2,303443.7808817027
montage,1,3,1554,1,CPoP,2,303443.7808817222
montage,1,4,1554,5,HEFT,1,79695.67894930692
montage,1,4,1554,5,CPoP,1,79733.87011457639
montage,1,4,1554,5,HEFT,2,79695.67894930692
montage,1,4,1554,5,CPoP,2,79733.87011457639
montage,1,5,1554,4,HEFT,1,102317.82518059602
montage,1,5,1554,4,CPoP,1,102401.03342988521
montage,1,5,1554,4,HEFT,2,102317.82518059602
montage,1,5,1554,4,CPoP,2,102401.03342988521
montage,1,6,1554,6,HEFT,1,60637.679289539425
montage,1,6,1554,6,CPoP,1,60660.846222989094
montage,1,6,1554,6,HEFT,2,60637.679289539425
montage,1,6,1554,6,CPoP,2,60660.846222989094
montage,1,7,1554,1,HEFT,1,299204.80647874874
montage,1,7,1554,1,CPoP,1,299204.80647877126
montage,1,7,1554,1,HEFT,2,299204.80647874874
montage,1,7,1554,1,CPoP,2,299204.80647877126
montage,1,8,1554,6,HEFT,1,64933.83181117639
montage,1,8,1554,6,CPoP,1,64961.736094798754
montage,1,8,1554,6,HEFT,2,64933.83181117639
montage,1,8,1554,6,CPoP,2,64961.736094798754
montage,1,9,1554,3,HEFT,1,131420.04278266884
montage,1,9,1554,3,CPoP,1,131380.4333476216
montage,1,9,1554,3,HEFT,2,131420.04278266884
montage,1,9,1554,3,CPoP,2,131380.4333476216
montage,2,0,807,1,HEFT,1,300875.3658022053
montage,2,0,807,1,CPoP,1,300875.36580222705
montage,2,0,807,1,HEFT,2,300875.3658022053
montage,2,0,807,1,CPoP,2,300875.36580222705
montage,2,1,807,3,HEFT,1,77452.61967854934
montage,2,1,807,3,CPoP,1,77531.75553494753
montage,2,1,807,3,HEFT,2,77452.61967854934
montage,2,1,807,3,CPoP,2,77531.75553494753
montage,2,2,807,4,HEFT,1,56939.19057045944
montage,2,2,807,4,CPoP,1,57064.223537272286
montage,2,2,807,4,HEFT,2,56939.19057045944
montage,2,2,807,4,CPoP,2,57064.223537272286
montage,2,3,807,1,HEFT,1,178158.49991284
montage,2,3,807,1,CPoP,1,178158.49991286066
montage,2,3,807,1,HEFT,2,178158.49991284
montage,2,3,807,1,CPoP,2,178158.49991286066
montage,2,4,807,5,HEFT,1,46804.26237220938
montage,2,4,807,5,CPoP,1,46923.09750443862
montage,2,4,807,5,HEFT,2,46804.26237220938
montage,2,4,807,5,CPoP,2,46923.09750443862
montage,2,5,807,4,HEFT,1,60081.08366004935
montage,2,5,807,4,CPoP,1,60186.41002194805
montage,2,5,807,4,HEFT,2,60081.08366004935
montage,2,5,807,4,CPoP,2,60186.41002194805
montage,2,6,807,6,HEFT,1,35608.14596202174
montage,2,6,807,6,CPoP,1,35732.61732745521
montage,2,6,807,6,HEFT,2,35608.14596202174
montage,2,6,807,6,CPoP,2,35732.61732745521
montage,2,7,807,1,HEFT,1,175669.70505730453
montage,2,7,807,1,CPoP,1,175669.7050573253
montage,2,7,807,1,HEFT,2,175669.70505730453
montage,2,7,807,1,CPoP,2,175669.7050573253
montage,2,8,807,6,HEFT,1,38134.46564423673
montage,2,8,807,6,CPoP,1,38257.36981774073
montage,2,8,807,6,HEFT,2,38134.46564423673
montage,2,8,807,6,CPoP,2,38257.36981774073
montage,2,9,807,3,HEFT,1,77175.51515277546
montage,2,9,807,3,CPoP,1,77277.7355995326
montage,2,9,807,3,HEFT,2,77175.51515277546
montage,2,9,807,3,CPoP,2,77277.7355995326
montage,3,0,1397,1,HEFT,1,480624.5130790859
montage,3,0,1397,1,CPoP,1,480624.513079128
montage,3,0,1397,1,HEFT,2,480624.5130790859
montage,3,0,1397,1,CPoP,2,480624.513079128
montage,3,1,1397,3,HEFT,1,123672.60141452984
montage,3,1,1397,3,CPoP,1,123825.17948122541
montage,3,1,1397,3,HEFT,2,123672.60141452984
montage,3,1,1397,3,CPoP,2,123825.17948122541
montage,3,2,1397,4,HEFT,1,90937.2622625988
montage,3,2,1397,4,CPoP,1,91087.39722462851
montage,3,2,1397,4,HEFT,2,90937.2622625988
montage,3,2,1397,4,CPoP,2,91087.39722462851
montage,3,3,1397,1,HEFT,1,284594.0612093839
montage,3,3,1397,1,CPoP,1,284594.06120942085
montage,3,3,1397,1,HEFT,2,284594.0612093839
montage,3,3,1397,1,CPoP,2,284594.06120942085
montage,3,4,1397,5,HEFT,1,74704.79105073992
montage,3,4,1397,5,CPoP,1,74883.59849328618
montage,3,4,1397,5,HEFT,2,74704.79105073992
montage,3,4,1397,5,CPoP,2,74883.59849328618
montage,3,5,1397,4,HEFT,1,95958.9557300218
montage,3,5,1397,4,CPoP,1,96062.51082114149
montage,3,5,1397,4,HEFT,2,95958.9557300218
montage,3,5,1397,4,CPoP,2,96062.51082114149
montage,3,6,1397,6,HEFT,1,56847.562750242985
montage,3,6,1397,6,CPoP,1,56992.224237662514
montage,3,6,1397,6,HEFT,2,56847.562750242985
montage,3,6,1397,6,CPoP,2,56992.224237662514
montage,3,7,1397,1,HEFT,1,280618.4089907166
montage,3,7,1397,1,CPoP,1,280618.40899075696
montage,3,7,1397,1,HEFT,2,280618.4089907166
montage,3,7,1397,1,CPoP,2,280618.40899075696
montage,3,8,1397,6,HEFT,1,60871.29025904935
montage,3,8,1397,6,CPoP,1,61024.24533943813
montage,3,8,1397,6,HEFT,2,60871.29025904935
montage,3,8,1397,6,CPoP,2,61024.24533943813
montage,3,9,1397,3,HEFT,1,123226.75730434629
montage,3,9,1397,3,CPoP,1,123340.68680687099
montage,3,9,1397,3,HEFT,2,123226.75730434629
montage,3,9,1397,3,CPoP,2,123340.68680687099
montage,4,0,1198,1,HEFT,1,409085.4568133454
montage,4,0,1198,1,CPoP,1,409085.45681337855
montage,4,0,1198,1,HEFT,2,409085.4568133454
montage,4,0,1198,1,CPoP,2,409085.45681337855
montage,4,1,1198,3,HEFT,1,105219.08160332034
montage,4,1,1198,3,CPoP,1,105334.32092659594
montage,4,1,1198,3,HEFT,2,105219.08160332034
montage,4,1,1198,3,CPoP,2,105334.32092659594
montage,4,2,1198,4,HEFT,1,77405.25162582622
montage,4,2,1198,4,CPoP,1,77479.58765620261
montage,4,2,1198,4,HEFT,2,77405.25162582622
montage,4,2,1198,4,CPoP,2,77479.58765620261
montage,4,3,1198,1,HEFT,1,242233.361736688
montage,4,3,1198,1,CPoP,1,242233.36173672066
montage,4,3,1198,1,HEFT,2,242233.361736688
montage,4,3,1198,1,CPoP,2,242233.36173672066
montage,4,4,1198,5,HEFT,1,63605.60739120532
montage,4,4,1198,5,CPoP,1,63756.313663900204
montage,4,4,1198,5,HEFT,2,63605.60739120532
montage,4,4,1198,5,CPoP,2,63756.313663900204
montage,4,5,1198,4,HEFT,1,81676.1026124066
montage,4,5,1198,4,CPoP,1,81783.9002877792
montage,4,5,1198,4,HEFT,2,81676.1026124066
montage,4,5,1198,4,CPoP,2,81783.9002877792
montage,4,6,1198,6,HEFT,1,48388.13442460341
montage,4,6,1198,6,CPoP,1,48544.45134563979
montage,4,6,1198,6,HEFT,2,48388.13442460341
montage,4,6,1198,6,CPoP,2,48544.45134563979
montage,4,7,1198,1,HEFT,1,238849.46961352567
montage,4,7,1198,1,CPoP,1,238849.46961355832
montage,4,7,1198,1,HEFT,2,238849.46961352567
montage,4,7,1198,1,CPoP,2,238849.46961355832
montage,4,8,1198,6,HEFT,1,51830.45645307762
montage,4,8,1198,6,CPoP,1,52080.67226285429
montage,4,8,1198,6,HEFT,2,51830.45645307762
montage,4,8,1198,6,CPoP,2,52080.67226285429
montage,4,9,1198,3,HEFT,1,104897.0316977093
montage,4,9,1198,3,CPoP,1,104990.23489257583
montage,4,9,1198,3,HEFT,2,104897.0316977093
montage,4,9,1198,3,CPoP,2,104990.23489257583
montage,5,0,601,1,HEFT,1,202579.31130142914
montage,5,0,601,1,CPoP,1,202579.31130144597
montage,5,0,601,1,HEFT,2,202579.31130142914
montage,5,0,601,1,CPoP,2,202579.31130144597
montage,5,1,601,3,HEFT,1,52134.794879728935
montage,5,1,601,3,CPoP,1,52124.513239010914
montage,5,1,601,3,HEFT,2,52134.794879728935
montage,5,1,601,3,CPoP,2,52124.513239010914
montage,5,2,601,4,HEFT,1,38331.02562719152
montage,5,2,601,4,CPoP,1,38340.89048092565
montage,5,2,601,4,HEFT,2,38331.02562719152
montage,5,2,601,4,CPoP,2,38340.89048092565
montage,5,3,601,1,HEFT,1,119954.07506563325
montage,5,3,601,1,CPoP,1,119954.07506565032
montage,5,3,601,1,HEFT,2,119954.07506563325
montage,5,3,601,1,CPoP,2,119954.07506565032
montage,5,4,601,5,HEFT,1,31503.753635216548
montage,5,4,601,5,CPoP,1,31515.730911193616
montage,5,4,601,5,HEFT,2,31503.753635216548
montage,5,4,601,5,CPoP,2,31515.730911193616
montage,5,5,601,4,HEFT,1,40453.0354320443
montage,5,5,601,4,CPoP,1,40459.19435406576
montage,5,5,601,4,HEFT,2,40453.0354320443
montage,5,5,601,4,CPoP,2,40459.19435406576
montage,5,6,601,6,HEFT,1,24005.609092773688
montage,5,6,601,6,CPoP,1,24000.00248015078
montage,5,6,601,6,HEFT,2,24005.609092773688
montage,5,6,601,6,CPoP,2,24000.00248015078
montage,5,7,601,1,HEFT,1,118278.37008905389
montage,5,7,601,1,CPoP,1,118278.37008907096
montage,5,7,601,1,HEFT,2,118278.37008905389
montage,5,7,601,1,CPoP,2,118278.37008907096
montage,5,8,601,6,HEFT,1,25675.834207190797
montage,5,8,601,6,CPoP,1,25711.805026118636
montage,5,8,601,6,HEFT,2,25675.834207190797
montage,5,8,601,6,CPoP,2,25711.805026118636
montage,5,9,601,3,HEFT,1,51952.29091375461
montage,5,9,601,3,CPoP,1,51961.1978076257
montage,5,9,601,3,HEFT,2,51952.29091375461
montage,5,9,601,3,CPoP,2,51961.1978076257
montage,6,0,1875,1,HEFT,1,617695.8401430869
montage,6,0,1875,1,CPoP,1,617695.8401431111
montage,6,0,1875,1,HEFT,2,617695.8401430869
montage,6,0,1875,1,CPoP,2,617695.8401431111
montage,6,1,1875,3,HEFT,1,158923.49422600542
montage,6,1,1875,3,CPoP,1,158927.64803609374
montage,6,1,1875,3,HEFT,2,158923.49422600542
montage,6,1,1875,3,CPoP,2,158927.64803609374
montage,6,2,1875,4,HEFT,1,116866.5316152096
montage,6,2,1875,4,CPoP,1,116960.0024841259
montage,6,2,1875,4,HEFT,2,116866.5316152096
montage,6,2,1875,4,CPoP,2,116960.0024841259
montage,6,3,1875,1,HEFT,1,365758.63892636204
montage,6,3,1875,1,CPoP,1,365758.63892639073
montage,6,3,1875,1,HEFT,2,365758.63892636204
montage,6,3,1875,1,CPoP,2,365758.63892639073
montage,6,4,1875,5,HEFT,1,96022.6139734227
montage,6,4,1875,5,CPoP,1,96054.06437272415
montage,6,4,1875,5,HEFT,2,96022.6139734227
montage,6,4,1875,5,CPoP,2,96054.06437272415
montage,6,5,1875,4,HEFT,1,123328.31053154652
montage,6,5,1875,4,CPoP,1,123339.93150185984
montage,6,5,1875,4,HEFT,2,123328.31053154652
montage,6,5,1875,4,CPoP,2,123339.93150185984
montage,6,6,1875,6,HEFT,1,73052.17115053134
montage,6,6,1875,6,CPoP,1,73132.684786197
montage,6,6,1875,6,HEFT,2,73052.17115053134
montage,6,6,1875,6,CPoP,2,73132.684786197
montage,6,7,1875,1,HEFT,1,360649.1537243361
montage,6,7,1875,1,CPoP,1,360649.1537243648
montage,6,7,1875,1,HEFT,2,360649.1537243361
montage,6,7,1875,1,CPoP,2,360649.1537243648
montage,6,8,1875,6,HEFT,1,78227.58252334988
montage,6,8,1875,6,CPoP,1,78299.60753405413
montage,6,8,1875,6,HEFT,2,78227.58252334988
montage,6,8,1875,6,CPoP,2,78299.60753405413
montage,6,9,1875,3,HEFT,1,158376.02222290818
montage,6,9,1875,3,CPoP,1,158387.75247693819
montage,6,9,1875,3,HEFT,2,158376.02222290818
montage,6,9,1875,3,CPoP,2,158387.75247693819
montage,7,0,1134,1,HEFT,1,284432.9320663423
montage,7,0,1134,1,CPoP,1,284432.9320663695
montage,7,0,1134,1,HEFT,2,284432.9320663423
montage,7,0,1134,1,CPoP,2,284432.9320663695
montage,7,1,1134,3,HEFT,1,73192.27009256683
montage,7,1,1134,3,CPoP,1,73244.47346478274
montage,7,1,1134,3,HEFT,2,73192.27009256683
montage,7,1,1134,3,CPoP,2,73244.47346478274
montage,7,2,1134,4,HEFT,1,53834.98912645157
montage,7,2,1134,4,CPoP,1,53887.78070530643
montage,7,2,1134,4,HEFT,2,53834.98912645157
montage,7,2,1134,4,CPoP,2,53887.78070530643
montage,7,3,1134,1,HEFT,1,168422.37770992002
montage,7,3,1134,1,CPoP,1,168422.37770994677
montage,7,3,1134,1,HEFT,2,168422.37770992002
montage,7,3,1134,1,CPoP,2,168422.37770994677
montage,7,4,1134,5,HEFT,1,44238.67657250191
montage,7,4,1134,5,CPoP,1,44323.0579474662
montage,7,4,1134,5,HEFT,2,44238.67657250191
montage,7,4,1134,5,CPoP,2,44323.0579474662
montage,7,5,1134,4,HEFT,1,56797.84447764876
montage,7,5,1134,4,CPoP,1,56834.81777492856
montage,7,5,1134,4,HEFT,2,56797.84447764876
montage,7,5,1134,4,CPoP,2,56834.81777492856
montage,7,6,1134,6,HEFT,1,33653.749777272424
montage,7,6,1134,6,CPoP,1,33711.53279168038
montage,7,6,1134,6,HEFT,2,33653.749777272424
montage,7,6,1134,6,CPoP,2,33711.53279168038
montage,7,7,1134,1,HEFT,1,166069.59214309845
montage,7,7,1134,1,CPoP,1,166069.59214312516
montage,7,7,1134,1,HEFT,2,166069.59214309845
montage,7,7,1134,1,CPoP,2,166069.59214312516
montage,7,8,1134,6,HEFT,1,36037.68262687917
montage,7,8,1134,6,CPoP,1,36097.6990422347
montage,7,8,1134,6,HEFT,2,36037.68262687917
montage,7,8,1134,6,CPoP,2,36097.6990422347
montage,7,9,1134,3,HEFT,1,72919.4562747423
montage,7,9,1134,3,CPoP,1,72944.16136334093
montage,7,9,1134,3,HEFT,2,72919.4562747423
montage,7,9,1134,3,CPoP,2,72944.16136334093
montage,8,0,1872,1,HEFT,1,615917.134935993
montage,8,0,1872,1,CPoP,1,615917.1349360119
montage,8,0,1872,1,HEFT,2,615917.134935993
montage,8,0,1872,1,CPoP,2,615917.1349360119
montage,8,1,1872,3,HEFT,1,158472.68673145218
montage,8,1,1872,3,CPoP,1,158594.47516193558
montage,8,1,1872,3,HEFT,2,158472.68673145218
montage,8,1,1872,3,CPoP,2,158594.47516193558
montage,8,2,1872,4,HEFT,1,116524.37838780368
montage,8,2,1872,4,CPoP,1,116589.45206449613
montage,8,2,1872,4,HEFT,2,116524.37838780368
montage,8,2,1872,4,CPoP,2,116589.45206449613
montage,8,3,1872,1,HEFT,1,364705.4072979159
montage,8,3,1872,1,CPoP,1,364705.40729793964
montage,8,3,1872,1,HEFT,2,364705.4072979159
montage,8,3,1872,1,CPoP,2,364705.40729793964
montage,8,4,1872,5,HEFT,1,95733.12171160968
montage,8,4,1872,5,CPoP,1,95823.76314622173
montage,8,4,1872,5,HEFT,2,95733.12171160968
montage,8,4,1872,5,CPoP,2,95823.76314622173
montage,8,5,1872,4,HEFT,1,122954.60401300936
montage,8,5,1872,4,CPoP,1,123021.01969725986
montage,8,5,1872,4,HEFT,2,122954.60401300936
montage,8,5,1872,4,CPoP,2,123021.01969725986
montage,8,6,1872,6,HEFT,1,72843.24583800735
montage,8,6,1872,6,CPoP,1,72904.493201723
montage,8,6,1872,6,HEFT,2,72843.24583800735
montage,8,6,1872,6,CPoP,2,72904.493201723
montage,8,7,1872,1,HEFT,1,359610.6352724144
montage,8,7,1872,1,CPoP,1,359610.6352724382
montage,8,7,1872,1,HEFT,2,359610.6352724144
montage,8,7,1872,1,CPoP,2,359610.6352724382
montage,8,8,1872,6,HEFT,1,78005.11464709949
montage,8,8,1872,6,CPoP,1,78058.69637241388
montage,8,8,1872,6,HEFT,2,78005.11464709949
montage,8,8,1872,6,CPoP,2,78058.69637241388
montage,8,9,1872,3,HEFT,1,157919.4343616163
montage,8,9,1872,3,CPoP,1,157938.33195952553
montage,8,9,1872,3,HEFT,2,157919.4343616163
montage,8,9,1872,3,CPoP,2,157938.33195952553
montage,9,0,1073,1,HEFT,1,263623.56497236394
montage,9,0,1073,1,CPoP,1,263623.5649723896
montage,9,0,1073,1,HEFT,2,263623.56497236394
montage,9,0,1073,1,CPoP,2,263623.5649723896
montage,9,1,1073,3,HEFT,1,67823.15531017141
montage,9,1,1073,3,CPoP,1,67931.62278672602
montage,9,1,1073,3,HEFT,2,67823.15531017141
montage,9,1,1073,3,CPoP,2,67931.62278672602
montage,9,2,1073,4,HEFT,1,49897.86480877744
montage,9,2,1073,4,CPoP,1,49963.20663285222
montage,9,2,1073,4,HEFT,2,49897.86480877744
montage,9,2,1073,4,CPoP,2,49963.20663285222
montage,9,3,1073,1,HEFT,1,156100.44628255165
montage,9,3,1073,1,CPoP,1,156100.44628257747
montage,9,3,1073,1,HEFT,2,156100.44628255165
montage,9,3,1073,1,CPoP,2,156100.44628257747
montage,9,4,1073,5,HEFT,1,40992.74437977178
montage,9,4,1073,5,CPoP,1,41109.288070078655
montage,9,4,1073,5,HEFT,2,40992.74437977178
montage,9,4,1073,5,CPoP,2,41109.288070078655
montage,9,5,1073,4,HEFT,1,52627.642847401774
montage,9,5,1073,4,CPoP,1,52715.79040234561
montage,9,5,1073,4,HEFT,2,52627.642847401774
montage,9,5,1073,4,CPoP,2,52715.79040234561
montage,9,6,1073,6,HEFT,1,31202.81397088647
montage,9,6,1073,6,CPoP,1,31275.210635073152
montage,9,6,1073,6,HEFT,2,31202.81397088647
montage,9,6,1073,6,CPoP,2,31275.210635073152
montage,9,7,1073,1,HEFT,1,153919.7926070611
montage,9,7,1073,1,CPoP,1,153919.79260708694
montage,9,7,1073,1,HEFT,2,153919.7926070611
montage,9,7,1073,1,CPoP,2,153919.79260708694
montage,9,8,1073,6,HEFT,1,33425.431285409635
montage,9,8,1073,6,CPoP,1,33506.87994321211
montage,9,8,1073,6,HEFT,2,33425.431285409635
montage,9,8,1073,6,CPoP,2,33506.87994321211
montage,9,9,1073,3,HEFT,1,67589.92340034244
montage,9,9,1073,3,CPoP,1,67734.53002213685
montage,9,9,1073,3,HEFT,2,67589.92340034244
montage,9,9,1073,3,CPoP,2,67734.53002213685
epigenomics,0,0,572,1,HEFT,1,20345.92406678866
epigenomics,0,0,572,1,CPoP,1,20345.924067018746
epigenomics,0,0,572,1,HEFT,2,20345.92406678866
epigenomics,0,0,572,1,CPoP,2,20345.924067018746
epigenomics,0,1,572,3,HEFT,1,5278.471379010012
epigenomics,0,1,572,3,CPoP,1,5295.112628627415
epigenomics,0,1,572,3,HEFT,2,5278.471379010012
epigenomics,0,1,572,3,CPoP,2,5295.112628627415
epigenomics,0,2,572,4,HEFT,1,3900.4129415818784
epigenomics,0,2,572,4,CPoP,1,3919.8399153547834
epigenomics,0,2,572,4,HEFT,2,3900.4129415818784
epigenomics,0,2,572,4,CPoP,2,3919.8399153547834
epigenomics,0,3,572,1,HEFT,1,12047.511106186139
epigenomics,0,3,572,1,CPoP,1,12047.51110641625
epigenomics,0,3,572,1,HEFT,2,12047.511106186139
epigenomics,0,3,572,1,CPoP,2,12047.51110641625
epigenomics,0,4,572,5,HEFT,1,3212.0118202058316
epigenomics,0,4,572,5,CPoP,1,3227.0136058292806
epigenomics,0,4,572,5,HEFT,2,3212.0118202058316
epigenomics,0,4,572,5,CPoP,2,3227.0136058292806
epigenomics,0,5,572,4,HEFT,1,4109.508783908146
epigenomics,0,5,572,4,CPoP,1,4122.0239930119915
epigenomics,0,5,572,4,HEFT,2,4109.508783908146
epigenomics,0,5,572,4,CPoP,2,4122.0239930119915
epigenomics,0,6,572,6,HEFT,1,2454.0616500585043
epigenomics,0,6,572,6,CPoP,1,2468.875855867158
epigenomics,0,6,572,6,HEFT,2,2454.0616500585043
epigenomics,0,6,572,6,CPoP,2,2468.875855867158
epigenomics,0,7,572,1,HEFT,1,11879.21274445918
epigenomics,0,7,572,1,CPoP,1,11879.212744689296
epigenomics,0,7,572,1,HEFT,2,11879.21274445918
epigenomics,0,7,572,1,CPoP,2,11879.212744689296
epigenomics,0,8,572,6,HEFT,1,2628.0562479399746
epigenomics,0,8,572,6,CPoP,1,2646.012048574847
epigenomics,0,8,572,6,HEFT,2,2628.0562479399746
epigenomics,0,8,572,6,CPoP,2,2646.012048574847
epigenomics,0,9,572,3,HEFT,1,5244.953177693865
epigenomics,0,9,572,3,CPoP,1,5256.778766650208
epigenomics,0,9,572,3,HEFT,2,5244.953177693865
epigenomics,0,9,572,3,CPoP,2,5256.778766650208
epigenomics,1,0,718,1,HEFT,1,28206.2599197689
epigenomics,1,0,718,1,CPoP,1,28206.259920086028
epigenomics,1,0,718,1,HEFT,2,28206.2599197689
epigenomics,1,0,718,1,CPoP,2,28206.259920086028
epigenomics,1,1,718,3,HEFT,1,7329.41530512386
epigenomics,1,1,718,3,CPoP,1,7350.794701919842
epigenomics,1,1,718,3,HEFT,2,7329.41530512386
epigenomics,1,1,718,3,CPoP,2,7350.794701919842
epigenomics,1,2,718,4,HEFT,1,5423.571777420939
epigenomics,1,2,718,4,CPoP,1,5450.500743340071
epigenomics,1,2,718,4,HEFT,2,5423.571777420939
epigenomics,1,2,718,4,CPoP,2,5450.500743340071
epigenomics,1,3,718,1,HEFT,1,16701.8823294476
epigenomics,1,3,718,1,CPoP,1,16701.882329764725
epigenomics,1,3,718,1,HEFT,2,16701.8823294476
epigenomics,1,3,718,1,CPoP,2,16701.882329764725
epigenomics,1,4,718,5,HEFT,1,4463.600315524056
epigenomics,1,4,718,5,CPoP,1,4488.936906840707
epigenomics,1,4,718,5,HEFT,2,4463.600315524056
epigenomics,1,4,718,5,CPoP,2,4488.936906840707
epigenomics,1,5,718,4,HEFT,1,5706.19145438869
epigenomics,1,5,718,4,CPoP,1,5728.128174590265
epigenomics,1,5,718,4,HEFT,2,5706.19145438869
epigenomics,1,5,718,4,CPoP,2,5728.128174590265
epigenomics,1,6,718,6,HEFT,1,3410.602267758245
epigenomics,1,6,718,6,CPoP,1,3429.3628493144124
epigenomics,1,6,718,6,HEFT,2,3410.602267758245
epigenomics,1,6,718,6,CPoP,2,3429.3628493144124
epigenomics,1,7,718,1,HEFT,1,16468.564475740914
epigenomics,1,7,718,1,CPoP,1,16468.564476058054
epigenomics,1,7,718,1,HEFT,2,16468.564475740914
epigenomics,1,7,718,1,CPoP,2,16468.564476058054
epigenomics,1,8,718,6,HEFT,1,3648.8237746381174
epigenomics,1,8,718,6,CPoP,1,3674.737227896729
epigenomics,1,8,718,6,HEFT,2,3648.8237746381174
epigenomics,1,8,718,6,CPoP,2,3674.737227896729
epigenomics,1,9,718,3,HEFT,1,7278.903881527569
epigenomics,1,9,718,3,CPoP,1,7298.489153247342
epigenomics,1,9,718,3,HEFT,2,7278.903881527569
epigenomics,1,9,718,3,CPoP,2,7298.489153247342
epigenomics,2,0,1464,1,HEFT,1,56574.0416338962
epigenomics,2,0,1464,1,CPoP,1,56574.04163449951
epigenomics,2,0,1464,1,HEFT,2,56574.0416338962
epigenomics,2,0,1464,1,CPoP,2,56574.04163449951
epigenomics,2,1,1464,3,HEFT,1,14671.90960810049
epigenomics,2,1,1464,3,CPoP,1,14702.41812674239
epigenomics,2,1,1464,3,HEFT,2,14671.90960810049
epigenomics,2,1,1464,3,CPoP,2,14702.41812674239
epigenomics,2,2,1464,4,HEFT,1,10844.265225313356
epigenomics,2,2,1464,4,CPoP,1,10878.535311826286
epigenomics,2,2,1464,4,HEFT,2,10844.265225313356
epigenomics,2,2,1464,4,CPoP,2,10878.535311826286
epigenomics,2,3,1464,1,HEFT,1,33499.40718685389
epigenomics,2,3,1464,1,CPoP,1,33499.40718745903
epigenomics,2,3,1464,1,HEFT,2,33499.40718685389
epigenomics,2,3,1464,1,CPoP,2,33499.40718745903
epigenomics,2,4,1464,5,HEFT,1,8922.244775629939
epigenomics,2,4,1464,5,CPoP,1,8955.96390162638
epigenomics,2,4,1464,5,HEFT,2,8922.244775629939
epigenomics,2,4,1464,5,CPoP,2,8955.96390162638
epigenomics,2,5,1464,4,HEFT,1,11414.885679441222
epigenomics,2,5,1464,4,CPoP,1,11442.698556160914
epigenomics,2,5,1464,4,HEFT,2,11414.885679441222
epigenomics,2,5,1464,4,CPoP,2,11442.698556160914
epigenomics,2,6,1464,6,HEFT,1,6806.535391232918
epigenomics,2,6,1464,6,CPoP,1,6828.285770024782
epigenomics,2,6,1464,6,HEFT,2,6806.535391232918
epigenomics,2,6,1464,6,CPoP,2,6828.285770024782
epigenomics,2,7,1464,1,HEFT,1,33031.43539594384
epigenomics,2,7,1464,1,CPoP,1,33031.43539654908
epigenomics,2,7,1464,1,HEFT,2,33031.43539594384
epigenomics,2,7,1464,1,CPoP,2,33031.43539654908
epigenomics,2,8,1464,6,HEFT,1,7286.74583016639
epigenomics,2,8,1464,6,CPoP,1,7310.046214915182
epigenomics,2,8,1464,6,HEFT,2,7286.74583016639
epigenomics,2,8,1464,6,CPoP,2,7310.046214915182
epigenomics,2,9,1464,3,HEFT,1,14581.10506292281
epigenomics,2,9,1464,3,CPoP,1,14605.5029689436
epigenomics,2,9,1464,3,HEFT,2,14581.10506292281
epigenomics,2,9,1464,3,CPoP,2,14605.5029689436
epigenomics,3,0,77,1,HEFT,1,3185.8809624832
epigenomics,3,0,77,1,CPoP,1,3185.8809625221998
epigenomics,3,0,77,1,HEFT,2,3185.8809624832
epigenomics,3,0,77,1,CPoP,2,3185.8809625221998
epigenomics,3,1,77,3,HEFT,1,1529.200062366923
epigenomics,3,1,77,3,CPoP,1,1539.7249779948206
epigenomics,3,1,77,3,HEFT,2,1529.200062366923
epigenomics,3,1,77,3,CPoP,2,1539.7249779948206
epigenomics,3,2,77,4,HEFT,1,1451.4419773190516
epigenomics,3,2,77,4,CPoP,1,1459.2249352925855
epigenomics,3,2,77,4,HEFT,2,1451.4419773190516
epigenomics,3,2,77,4,CPoP,2,1459.2249352925855
epigenomics,3,3,77,1,HEFT,1,1886.4680784496627
epigenomics,3,3,77,1,CPoP,1,1886.4680784886623
epigenomics,3,3,77,1,HEFT,2,1886.4680784496627
epigenomics,3,3,77,1,CPoP,2,1886.4680784886623
epigenomics,3,4,77,5,HEFT,1,1265.7180772937909
epigenomics,3,4,77,5,CPoP,1,1271.5348197104286
epigenomics,3,4,77,5,HEFT,2,1265.7180772937909
epigenomics,3,4,77,5,CPoP,2,1271.5348197104286
epigenomics,3,5,77,4,HEFT,1,1369.04782887023
epigenomics,3,5,77,4,CPoP,1,1376.0606069204616
epigenomics,3,5,77,4,HEFT,2,1369.04782887023
epigenomics,3,5,77,4,CPoP,2,1376.0606069204616
epigenomics,3,6,77,6,HEFT,1,1070.5970859416186
epigenomics,3,6,77,6,CPoP,1,1074.4521752842898
epigenomics,3,6,77,6,HEFT,2,1070.5970859416186
epigenomics,3,6,77,6,CPoP,2,1074.4521752842898
epigenomics,3,7,77,1,HEFT,1,1860.114960012685
epigenomics,3,7,77,1,CPoP,1,1860.1149600516844
epigenomics,3,7,77,1,HEFT,2,1860.114960012685
epigenomics,3,7,77,1,CPoP,2,1860.1149600516844
epigenomics,3,8,77,6,HEFT,1,1128.0715789922835
epigenomics,3,8,77,6,CPoP,1,1132.659160912846
epigenomics,3,8,77,6,HEFT,2,1128.0715789922835
epigenomics,3,8,77,6,CPoP,2,1132.659160912846
epigenomics,3,9,77,3,HEFT,1,1291.5925509665099
epigenomics,3,9,77,3,CPoP,1,1294.3881685580495
epigenomics,3,9,77,3,HEFT,2,1291.5925509665099
epigenomics,3,9,77,3,CPoP,2,1294.3881685580495
epigenomics,4,0,1594,1,HEFT,1,50377.78866271884
epigenomics,4,0,1594,1,CPoP,1,50377.7886633802
epigenomics,4,0,1594,1,HEFT,2,50377.78866271884
epigenomics,4,0,1594,1,CPoP,2,50377.7886633802
epigenomics,4,1,1594,3,HEFT,1,13020.09636838364
epigenomics,4,1,1594,3,CPoP,1,13047.389396261377
epigenomics,4,1,1594,3,HEFT,2,13020.09636838364
epigenomics,4,1,1594,3,CPoP,2,13047.389396261377
epigenomics,4,2,1594,4,HEFT,1,9601.699927844076
epigenomics,4,2,1594,4,CPoP,1,9640.392112558371
epigenomics,4,2,1594,4,HEFT,2,9601.699927844076
epigenomics,4,2,1594,4,CPoP,2,9640.392112558371
epigenomics,4,3,1594,1,HEFT,1,29830.39582900416
epigenomics,4,3,1594,1,CPoP,1,29830.395829667446
epigenomics,4,3,1594,1,HEFT,2,29830.39582900416
epigenomics,4,3,1594,1,CPoP,2,29830.395829667446
epigenomics,4,4,1594,5,HEFT,1,7896.106776930502
epigenomics,4,4,1594,5,CPoP,1,7926.245299495037
epigenomics,4,4,1594,5,HEFT,2,7896.106776930502
epigenomics,4,4,1594,5,CPoP,2,7926.245299495037
epigenomics,4,5,1594,4,HEFT,1,10116.669328947322
epigenomics,4,5,1594,4,CPoP,1,10152.953295489302
epigenomics,4,5,1594,4,HEFT,2,10116.669328947322
epigenomics,4,5,1594,4,CPoP,2,10152.953295489302
epigenomics,4,6,1594,6,HEFT,1,6017.930232051965
epigenomics,4,6,1594,6,CPoP,1,6038.877476968006
epigenomics,4,6,1594,6,HEFT,2,6017.930232051965
epigenomics,4,6,1594,6,CPoP,2,6038.877476968006
epigenomics,4,7,1594,1,HEFT,1,29413.678491834708
epigenomics,4,7,1594,1,CPoP,1,29413.67849249799
epigenomics,4,7,1594,1,HEFT,2,29413.678491834708
epigenomics,4,7,1594,1,CPoP,2,29413.67849249799
epigenomics,4,8,1594,6,HEFT,1,6441.995112236903
epigenomics,4,8,1594,6,CPoP,1,6467.641640602704
epigenomics,4,8,1594,6,HEFT,2,6441.995112236903
epigenomics,4,8,1594,6,CPoP,2,6467.641640602704
epigenomics,4,9,1594,3,HEFT,1,12954.520755474174
epigenomics,4,9,1594,3,CPoP,1,12975.330302918093
epigenomics,4,9,1594,3,HEFT,2,12954.520755474174
epigenomics,4,9,1594,3,CPoP,2,12975.330302918093
epigenomics,5,0,852,1,HEFT,1,32391.923811632587
epigenomics,5,0,852,1,CPoP,1,32391.923811994733
epigenomics,5,0,852,1,HEFT,2,32391.923811632587
epigenomics,5,0,852,1,CPoP,2,32391.923811994733
epigenomics,5,1,852,3,HEFT,1,8419.533426379292
epigenomics,5,1,852,3,CPoP,1,8437.800907370318
epigenomics,5,1,852,3,HEFT,2,8419.533426379292
epigenomics,5,1,852,3,CPoP,2,8437.800907370318
epigenomics,5,2,852,4,HEFT,1,6237.399353130187
epigenomics,5,2,852,4,CPoP,1,6250.168622949262
epigenomics,5,2,852,4,HEFT,2,6237.399353130187
epigenomics,5,2,852,4,CPoP,2,6250.168622949262
epigenomics,5,3,852,1,HEFT,1,19180.35576021738
epigenomics,5,3,852,1,CPoP,1,19180.355760579496
epigenomics,5,3,852,1,HEFT,2,19180.35576021738
epigenomics,5,3,852,1,CPoP,2,19180.355760579496
epigenomics,5,4,852,5,HEFT,1,5134.539723216071
epigenomics,5,4,852,5,CPoP,1,5148.519103420508
epigenomics,5,4,852,5,HEFT,2,5134.539723216071
epigenomics,5,4,852,5,CPoP,2,5148.519103420508
epigenomics,5,5,852,4,HEFT,1,6557.042646600354
epigenomics,5,5,852,4,CPoP,1,6580.1795658249575
epigenomics,5,5,852,4,HEFT,2,6557.042646600354
epigenomics,5,5,852,4,CPoP,2,6580.1795658249575
epigenomics,5,6,852,6,HEFT,1,3921.922781416678
epigenomics,5,6,852,6,CPoP,1,3934.0032991177177
epigenomics,5,6,852,6,HEFT,2,3921.922781416678
epigenomics,5,6,852,6,CPoP,2,3934.0032991177177
epigenomics,5,7,852,1,HEFT,1,18912.414737101986
epigenomics,5,7,852,1,CPoP,1,18912.414737464136
epigenomics,5,7,852,1,HEFT,2,18912.414737101986
epigenomics,5,7,852,1,CPoP,2,18912.414737464136
epigenomics,5,8,852,6,HEFT,1,4195.031046858042
epigenomics,5,8,852,6,CPoP,1,4214.373074025218
epigenomics,5,8,852,6,HEFT,2,4195.031046858042
epigenomics,5,8,852,6,CPoP,2,4214.373074025218
epigenomics,5,9,852,3,HEFT,1,8363.625715160331
epigenomics,5,9,852,3,CPoP,1,8376.82680554027
epigenomics,5,9,852,3,HEFT,2,8363.625715160331
epigenomics,5,9,852,3,CPoP,2,8376.82680554027
epigenomics,6,0,129,1,HEFT,1,4508.731798624369
epigenomics,6,0,129,1,CPoP,1,4508.731798679368
epigenomics,6,0,129,1,HEFT,2,4508.731798624369
epigenomics,6,0,129,1,CPoP,2,4508.731798679368
epigenomics,6,1,129,3,HEFT,1,1886.29308266661
epigenomics,6,1,129,3,CPoP,1,1890.9706059888724
epigenomics,6,1,129,3,HEFT,2,1886.29308266661
epigenomics,6,1,129,3,CPoP,2,1890.9706059888724
epigenomics,6,2,129,4,HEFT,1,1724.6518597196875
epigenomics,6,2,129,4,CPoP,1,1735.9895886809866
epigenomics,6,2,129,4,HEFT,2,1724.6518597196875
epigenomics,6,2,129,4,CPoP,2,1735.9895886809866
epigenomics,6,3,129,1,HEFT,1,2669.7728862293843
epigenomics,6,3,129,1,CPoP,1,2669.772886284384
epigenomics,6,3,129,1,HEFT,2,2669.7728862293843
epigenomics,6,3,129,1,CPoP,2,2669.772886284384
epigenomics,6,4,129,5,HEFT,1,1490.4591249153468
epigenomics,6,4,129,5,CPoP,1,1496.8498977370832
epigenomics,6,4,129,5,HEFT,2,1490.4591249153468
epigenomics,6,4,129,5,CPoP,2,1496.8498977370832
epigenomics,6,5,129,4,HEFT,1,1651.9959581842493
epigenomics,6,5,129,4,CPoP,1,1670.7765937406473
epigenomics,6,5,129,4,HEFT,2,1651.9959581842493
epigenomics,6,5,129,4,CPoP,2,1670.7765937406473
epigenomics,6,6,129,6,HEFT,1,1243.3606825944817
epigenomics,6,6,129,6,CPoP,1,1255.2685071764329
epigenomics,6,6,129,6,HEFT,2,1243.3606825944817
epigenomics,6,6,129,6,CPoP,2,1255.2685071764329
epigenomics,6,7,129,1,HEFT,1,2632.4773486719528
epigenomics,6,7,129,1,CPoP,1,2632.4773487269517
epigenomics,6,7,129,1,HEFT,2,2632.4773486719528
epigenomics,6,7,129,1,CPoP,2,2632.4773487269517
epigenomics,6,8,129,6,HEFT,1,1316.7744345715205
epigenomics,6,8,129,6,CPoP,1,1325.9050521998229
epigenomics,6,8,129,6,HEFT,2,1316.7744345715205
epigenomics,6,8,129,6,CPoP,2,1325.9050521998229
epigenomics,6,9,129,3,HEFT,1,1637.434598632166
epigenomics,6,9,129,3,CPoP,1,1645.8293915003164
epigenomics,6,9,129,3,HEFT,2,1637.434598632166
epigenomics,6,9,129,3,CPoP,2,1645.8293915003164
epigenomics,7,0,202,1,HEFT,1,8509.14521946552
epigenomics,7,0,202,1,CPoP,1,8509.145219557564
epigenomics,7,0,202,1,HEFT,2,8509.14521946552
epigenomics,7,0,202,1,CPoP,2,8509.145219557564
epigenomics,7,1,202,3,HEFT,1,2272.762162974769
epigenomics,7,1,202,3,CPoP,1,2285.2575565097213
epigenomics,7,1,202,3,HEFT,2,2272.762162974769
epigenomics,7,1,202,3,CPoP,2,2285.2575565097213
epigenomics,7,2,202,4,HEFT,1,1930.146460330455
epigenomics,7,2,202,4,CPoP,1,1943.4682281435917
epigenomics,7,2,202,4,HEFT,2,1930.146460330455
epigenomics,7,2,202,4,CPoP,2,1943.4682281435917
epigenomics,7,3,202,1,HEFT,1,5038.5532354866855
epigenomics,7,3,202,1,CPoP,1,5038.553235578712
epigenomics,7,3,202,1,HEFT,2,5038.5532354866855
epigenomics,7,3,202,1,CPoP,2,5038.553235578712
epigenomics,7,4,202,5,HEFT,1,1691.2563202197368
epigenomics,7,4,202,5,CPoP,1,1705.6569451115977
epigenomics,7,4,202,5,HEFT,2,1691.2563202197368
epigenomics,7,4,202,5,CPoP,2,1705.6569451115977
epigenomics,7,5,202,4,HEFT,1,1959.0315102901761
epigenomics,7,5,202,4,CPoP,1,1969.7092167319247
epigenomics,7,5,202,4,HEFT,2,1959.0315102901761
epigenomics,7,5,202,4,CPoP,2,1969.7092167319247
epigenomics,7,6,202,6,HEFT,1,1384.20328585492
epigenomics,7,6,202,6,CPoP,1,1395.6076881954295
epigenomics,7,6,202,6,HEFT,2,1384.20328585492
epigenomics,7,6,202,6,CPoP,2,1395.6076881954295
epigenomics,7,7,202,1,HEFT,1,4968.16689198952
epigenomics,7,7,202,1,CPoP,1,4968.166892081546
epigenomics,7,7,202,1,HEFT,2,4968.16689198952
epigenomics,7,7,202,1,CPoP,2,4968.166892081546
epigenomics,7,8,202,6,HEFT,1,1479.0175906951192
epigenomics,7,8,202,6,CPoP,1,1491.9397961161403
epigenomics,7,8,202,6,HEFT,2,1479.0175906951192
epigenomics,7,8,202,6,CPoP,2,1491.9397961161403
epigenomics,7,9,202,3,HEFT,1,2242.102842330603
epigenomics,7,9,202,3,CPoP,1,2248.9387122284966
epigenomics,7,9,202,3,HEFT,2,2242.102842330603
epigenomics,7,9,202,3,CPoP,2,2248.9387122284966
epigenomics,8,0,846,1,HEFT,1,33804.639786731284
epigenomics,8,0,846,1,CPoP,1,33804.63978707422
epigenomics,8,0,846,1,HEFT,2,33804.639786731284
epigenomics,8,0,846,1,CPoP,2,33804.63978707422
epigenomics,8,1,846,3,HEFT,1,8713.827118227126
epigenomics,8,1,846,3,CPoP,1,8729.532418785724
epigenomics,8,1,846,3,HEFT,2,8713.827118227126
epigenomics,8,1,846,3,CPoP,2,8729.532418785724
epigenomics,8,2,846,4,HEFT,1,6420.973902878846
epigenomics,8,2,846,4,CPoP,1,6440.3044835756455
epigenomics,8,2,846,4,HEFT,2,6420.973902878846
epigenomics,8,2,846,4,CPoP,2,6440.3044835756455
epigenomics,8,3,846,1,HEFT,1,20016.872762051073
epigenomics,8,3,846,1,CPoP,1,20016.872762394196
epigenomics,8,3,846,1,HEFT,2,20016.872762051073
epigenomics,8,3,846,1,CPoP,2,20016.872762394196
epigenomics,8,4,846,5,HEFT,1,5275.222364183666
epigenomics,8,4,846,5,CPoP,1,5299.591165307344
epigenomics,8,4,846,5,HEFT,2,5275.222364183666
epigenomics,8,4,846,5,CPoP,2,5299.591165307344
epigenomics,8,5,846,4,HEFT,1,6771.629770423311
epigenomics,8,5,846,4,CPoP,1,6788.958509120279
epigenomics,8,5,846,4,HEFT,2,6771.629770423311
epigenomics,8,5,846,4,CPoP,2,6788.958509120279
epigenomics,8,6,846,6,HEFT,1,4022.093396870608
epigenomics,8,6,846,6,CPoP,1,4035.537185209772
epigenomics,8,6,846,6,HEFT,2,4022.093396870608
epigenomics,8,6,846,6,CPoP,2,4035.537185209772
epigenomics,8,7,846,1,HEFT,1,19737.24596917595
epigenomics,8,7,846,1,CPoP,1,19737.245969519103
epigenomics,8,7,846,1,HEFT,2,19737.24596917595
epigenomics,8,7,846,1,CPoP,2,19737.245969519103
epigenomics,8,8,846,6,HEFT,1,4304.908175251479
epigenomics,8,8,846,6,CPoP,1,4317.719532415962
epigenomics,8,8,846,6,HEFT,2,4304.908175251479
epigenomics,8,8,846,6,CPoP,2,4317.719532415962
epigenomics,8,9,846,3,HEFT,1,8677.522668099704
epigenomics,8,9,846,3,CPoP,1,8700.035386072077
epigenomics,8,9,846,3,HEFT,2,8677.522668099704
epigenomics,8,9,846,3,CPoP,2,8700.035386072077
epigenomics,9,0,1278,1,HEFT,1,48150.93790058989
epigenomics,9,0,1278,1,CPoP,1,48150.9379011306
epigenomics,9,0,1278,1,HEFT,2,48150.93790058989
epigenomics,9,0,1278,1,CPoP,2,48150.9379011306
epigenomics,9,1,1278,3,HEFT,1,12421.22882404538
epigenomics,9,1,1278,3,CPoP,1,12454.269638782378
epigenomics,9,1,1278,3,HEFT,2,12421.22882404538
epigenomics,9,1,1278,3,CPoP,2,12454.269638782378
epigenomics,9,2,1278,4,HEFT,1,9151.722267939604
epigenomics,9,2,1278,4,CPoP,1,9185.50068204779
epigenomics,9,2,1278,4,HEFT,2,9151.722267939604
epigenomics,9,2,1278,4,CPoP,2,9185.50068204779
epigenomics,9,3,1278,1,HEFT,1,28511.80203102826
epigenomics,9,3,1278,1,CPoP,1,28511.802031570493
epigenomics,9,3,1278,1,HEFT,2,28511.80203102826
epigenomics,9,3,1278,1,CPoP,2,28511.802031570493
epigenomics,9,4,1278,5,HEFT,1,7524.402320035902
epigenomics,9,4,1278,5,CPoP,1,7551.341399536
epigenomics,9,4,1278,5,HEFT,2,7524.402320035902
epigenomics,9,4,1278,5,CPoP,2,7551.341399536
epigenomics,9,5,1278,4,HEFT,1,9647.689358378735
epigenomics,9,5,1278,4,CPoP,1,9673.757207613455
epigenomics,9,5,1278,4,HEFT,2,9647.689358378735
epigenomics,9,5,1278,4,CPoP,2,9673.757207613455
epigenomics,9,6,1278,6,HEFT,1,5731.961389173539
epigenomics,9,6,1278,6,CPoP,1,5750.659872624777
epigenomics,9,6,1278,6,HEFT,2,5731.961389173539
epigenomics,9,6,1278,6,CPoP,2,5750.659872624777
epigenomics,9,7,1278,1,HEFT,1,28113.504861645128
epigenomics,9,7,1278,1,CPoP,1,28113.50486218736
epigenomics,9,7,1278,1,HEFT,2,28113.504861645128
epigenomics,9,7,1278,1,CPoP,2,28113.50486218736
epigenomics,9,8,1278,6,HEFT,1,6136.067605471732
epigenomics,9,8,1278,6,CPoP,1,6157.727829448198
epigenomics,9,8,1278,6,HEFT,2,6136.067605471732
epigenomics,9,8,1278,6,CPoP,2,6157.727829448198
epigenomics,9,9,1278,3,HEFT,1,12367.010309164334
epigenomics,9,9,1278,3,CPoP,1,12391.843146191437
epigenomics,9,9,1278,3,HEFT,2,12367.010309164334
epigenomics,9,9,1278,3,CPoP,2,12391.843146191437
seismology,0,0,800,1,HEFT,1,2430.6659043406007
seismology,0,0,800,1,CPoP,1,2430.6659043406007
seismology,0,0,800,1,HEFT,2,2430.6659043406007
seismology,0,0,800,1,CPoP,2,2430.6659043406007
seismology,0,1,800,3,HEFT,1,625.34209415096
seismology,0,1,800,3,CPoP,1,625.34209415096
seismology,0,1,800,3,HEFT,2,625.34209415096
seismology,0,1,800,3,CPoP,2,625.34209415096
seismology,0,2,800,4,HEFT,1,459.9418287099254
seismology,0,2,800,4,CPoP,1,459.9418287099254
seismology,0,2,800,4,HEFT,2,459.9418287099254
seismology,0,2,800,4,CPoP,2,459.9418287099254
seismology,0,3,800,1,HEFT,1,1439.2796504031562
seismology,0,3,800,1,CPoP,1,1439.2796504031562
seismology,0,3,800,1,HEFT,2,1439.2796504031562
seismology,0,3,800,1,CPoP,2,1439.2796504031562
seismology,0,4,800,5,HEFT,1,378.090342305056
seismology,0,4,800,5,CPoP,1,378.090342305056
seismology,0,4,800,5,HEFT,2,378.090342305056
seismology,0,4,800,5,CPoP,2,378.090342305056
seismology,0,5,800,4,HEFT,1,485.2945251399782
seismology,0,5,800,4,CPoP,1,485.2945251399782
seismology,0,5,800,4,HEFT,2,485.2945251399782
seismology,0,5,800,4,CPoP,2,485.2945251399782
seismology,0,6,800,6,HEFT,1,287.5406599499785
seismology,0,6,800,6,CPoP,1,287.5406599499785
seismology,0,6,800,6,HEFT,2,287.5406599499785
seismology,0,6,800,6,CPoP,2,287.5406599499785
seismology,0,7,800,1,HEFT,1,1419.1735550366245
seismology,0,7,800,1,CPoP,1,1419.1735550366245
seismology,0,7,800,1,HEFT,2,1419.1735550366245
seismology,0,7,800,1,CPoP,2,1419.1735550366245
seismology,0,8,800,6,HEFT,1,308.0687554903069
seismology,0,8,800,6,CPoP,1,308.0687554903069
seismology,0,8,800,6,HEFT,2,308.0687554903069
seismology,0,8,800,6,CPoP,2,308.0687554903069
seismology,0,9,800,3,HEFT,1,623.2926342432357
seismology,0,9,800,3,CPoP,1,623.2926342432357
seismology,0,9,800,3,HEFT,2,623.2926342432357
seismology,0,9,800,3,CPoP,2,623.2926342432357
seismology,1,0,1048,1,HEFT,1,3149.393902222893
seismology,1,0,1048,1,CPoP,1,3149.393902222893
seismology,1,0,1048,1,HEFT,2,3149.393902222893
seismology,1,0,1048,1,CPoP,2,3149.393902222893
seismology,1,1,1048,3,HEFT,1,810.3176843715454
seismology,1,1,1048,3,CPoP,1,810.3176843715454
seismology,1,1,1048,3,HEFT,2,810.3176843715454
seismology,1,1,1048,3,CPoP,2,810.3176843715454
seismology,1,2,1048,4,HEFT,1,595.8680560887943
seismology,1,2,1048,4,CPoP,1,595.8680560887943
seismology,1,2,1048,4,HEFT,2,595.8680560887943
seismology,1,2,1048,4,CPoP,2,595.8680560887943
seismology,1,3,1048,1,HEFT,1,1864.8628536230633
seismology,1,3,1048,1,CPoP,1,1864.8628536230633
seismology,1,3,1048,1,HEFT,2,1864.8628536230633
seismology,1,3,1048,1,CPoP,2,1864.8628536230633
seismology,1,4,1048,5,HEFT,1,489.64614553379806
seismology,1,4,1048,5,CPoP,1,489.64614553379806
seismology,1,4,1048,5,HEFT,2,489.64614553379806
seismology,1,4,1048,5,CPoP,2,489.64614553379806
seismology,1,5,1048,4,HEFT,1,628.7499138544223
seismology,1,5,1048,4,CPoP,1,628.7499138544223
seismology,1,5,1048,4,HEFT,2,628.7499138544223
seismology,1,5,1048,4,CPoP,2,628.7499138544223
seismology,1,6,1048,6,HEFT,1,372.52298955367615
seismology,1,6,1048,6,CPoP,1,372.52298955367615
seismology,1,6,1048,6,HEFT,2,372.52298955367615
seismology,1,6,1048,6,CPoP,2,372.52298955367615
seismology,1,7,1048,1,HEFT,1,1838.8115505493706
seismology,1,7,1048,1,CPoP,1,1838.8115505493706
seismology,1,7,1048,1,HEFT,2,1838.8115505493706
seismology,1,7,1048,1,CPoP,2,1838.8115505493706
seismology,1,8,1048,6,HEFT,1,398.89618602081237
seismology,1,8,1048,6,CPoP,1,398.89618602081237
seismology,1,8,1048,6,HEFT,2,398.89618602081237
seismology,1,8,1048,6,CPoP,2,398.89618602081237
seismology,1,9,1048,3,HEFT,1,807.5046581388768
seismology,1,9,1048,3,CPoP,1,807.5046581388768
seismology,1,9,1048,3,HEFT,2,807.5046581388768
seismology,1,9,1048,3,CPoP,2,807.5046581388768
seismology,2,0,263,1,HEFT,1,849.2671898987876
seismology,2,0,263,1,CPoP,1,849.2671898987876
seismology,2,0,263,1,HEFT,2,849.2671898987876
seismology,2,0,263,1,CPoP,2,849.2671898987876
seismology,2,1,263,3,HEFT,1,218.7505873209766
seismology,2,1,263,3,CPoP,1,218.7505873209766
seismology,2,1,263,3,HEFT,2,218.7505873209766
seismology,2,1,263,3,CPoP,2,218.7505873209766
seismology,2,2,263,4,HEFT,1,160.88647164770353
seismology,2,2,263,4,CPoP,1,160.88647164770353
seismology,2,2,263,4,HEFT,2,160.88647164770353
seismology,2,2,263,4,CPoP,2,160.88647164770353
seismology,2,3,263,1,HEFT,1,502.879882419971
seismology,2,3,263,1,CPoP,1,502.879882419971
seismology,2,3,263,1,HEFT,2,502.879882419971
seismology,2,3,263,1,CPoP,2,502.879882419971
seismology,2,4,263,5,HEFT,1,132.32160971770267
seismology,2,4,263,5,CPoP,1,132.32160971770267
seismology,2,4,263,5,HEFT,2,132.32160971770267
seismology,2,4,263,5,CPoP,2,132.32160971770267
seismology,2,5,263,4,HEFT,1,169.863384508716
seismology,2,5,263,4,CPoP,1,169.863384508716
seismology,2,5,263,4,HEFT,2,169.863384508716
seismology,2,5,263,4,CPoP,2,169.863384508716
seismology,2,6,263,6,HEFT,1,100.59776850641646
seismology,2,6,263,6,CPoP,1,100.59776850641646
seismology,2,6,263,6,HEFT,2,100.59776850641646
seismology,2,6,263,6,CPoP,2,100.59776850641646
seismology,2,7,263,1,HEFT,1,495.8548745481716
seismology,2,7,263,1,CPoP,1,495.8548745481716
seismology,2,7,263,1,HEFT,2,495.8548745481716
seismology,2,7,263,1,CPoP,2,495.8548745481716
seismology,2,8,263,6,HEFT,1,107.87219145312422
seismology,2,8,263,6,CPoP,1,107.87219145312422
seismology,2,8,263,6,HEFT,2,107.87219145312422
seismology,2,8,263,6,CPoP,2,107.87219145312422
seismology,2,9,263,3,HEFT,1,217.8574462208632
seismology,2,9,263,3,CPoP,1,217.8574462208632
seismology,2,9,263,3,HEFT,2,217.8574462208632
seismology,2,9,263,3,CPoP,2,217.8574462208632
seismology,3,0,1005,1,HEFT,1,3140.393369697328
seismology,3,0,1005,1,CPoP,1,3140.393369697328
seismology,3,0,1005,1,HEFT,2,3140.393369697328
seismology,3,0,1005,1,CPoP,2,3140.393369697328
seismology,3,1,1005,3,HEFT,1,807.8488104981622
seismology,3,1,1005,3,CPoP,1,807.8644181448877
seismology,3,1,1005,3,HEFT,2,807.8488104981622
seismology,3,1,1005,3,CPoP,2,807.8644181448877
seismology,3,2,1005,4,HEFT,1,594.2519925816509
seismology,3,2,1005,4,CPoP,1,594.2519925816509
seismology,3,2,1005,4,HEFT,2,594.2519925816509
seismology,3,2,1005,4,CPoP,2,594.2519925816509
seismology,3,3,1005,1,HEFT,1,1859.5333333119054
seismology,3,3,1005,1,CPoP,1,1859.5333333119054
seismology,3,3,1005,1,HEFT,2,1859.5333333119054
seismology,3,3,1005,1,CPoP,2,1859.5333333119054
seismology,3,4,1005,5,HEFT,1,488.2063554593532
seismology,3,4,1005,5,CPoP,1,488.2063554593532
seismology,3,4,1005,5,HEFT,2,488.2063554593532
seismology,3,4,1005,5,CPoP,2,488.2063554593532
seismology,3,5,1005,4,HEFT,1,626.981296002017
seismology,3,5,1005,4,CPoP,1,626.981296002017
seismology,3,5,1005,4,HEFT,2,626.981296002017
seismology,3,5,1005,4,CPoP,2,626.981296002017
seismology,3,6,1005,6,HEFT,1,371.6146230777391
seismology,3,6,1005,6,CPoP,1,371.6146230777391
seismology,3,6,1005,6,HEFT,2,371.6146230777391
seismology,3,6,1005,6,CPoP,2,371.6146230777391
seismology,3,7,1005,1,HEFT,1,1833.556481262102
seismology,3,7,1005,1,CPoP,1,1833.556481262102
seismology,3,7,1005,1,HEFT,2,1833.556481262102
seismology,3,7,1005,1,CPoP,2,1833.556481262102
seismology,3,8,1005,6,HEFT,1,397.7237397096845
seismology,3,8,1005,6,CPoP,1,397.7237397096845
seismology,3,8,1005,6,HEFT,2,397.7237397096845
seismology,3,8,1005,6,CPoP,2,397.7237397096845
seismology,3,9,1005,3,HEFT,1,805.2603530255997
seismology,3,9,1005,3,CPoP,1,805.2603530255997
seismology,3,9,1005,3,HEFT,2,805.2603530255997
seismology,3,9,1005,3,CPoP,2,805.2603530255997
seismology,4,0,760,1,HEFT,1,2269.8006968239965
seismology,4,0,760,1,CPoP,1,2269.8006968239965
seismology,4,0,760,1,HEFT,2,2269.8006968239965
seismology,4,0,760,1,CPoP,2,2269.8006968239965
seismology,4,1,760,3,HEFT,1,584.0499617140415
seismology,4,1,760,3,CPoP,1,584.0499617140415
seismology,4,1,760,3,HEFT,2,584.0499617140415
seismology,4,1,760,3,CPoP,2,584.0499617140415
seismology,4,2,760,4,HEFT,1,429.58563622528914
seismology,4,2,760,4,CPoP,1,429.58563622528914
seismology,4,2,760,4,HEFT,2,429.58563622528914
seismology,4,2,760,4,CPoP,2,429.58563622528914
seismology,4,3,760,1,HEFT,1,1344.0259097623712
seismology,4,3,760,1,CPoP,1,1344.0259097623712
seismology,4,3,760,1,HEFT,2,1344.0259097623712
seismology,4,3,760,1,CPoP,2,1344.0259097623712
seismology,4,4,760,5,HEFT,1,352.9750027642797
seismology,4,4,760,5,CPoP,1,352.9750027642797
seismology,4,4,760,5,HEFT,2,352.9750027642797
seismology,4,4,760,5,CPoP,2,352.9750027642797
seismology,4,5,760,4,HEFT,1,453.14135403536267
seismology,4,5,760,4,CPoP,1,453.14135403536267
seismology,4,5,760,4,HEFT,2,453.14135403536267
seismology,4,5,760,4,CPoP,2,453.14135403536267
seismology,4,6,760,6,HEFT,1,268.5932782466688
seismology,4,6,760,6,CPoP,1,268.5932782466688
seismology,4,6,760,6,HEFT,2,268.5932782466688
seismology,4,6,760,6,CPoP,2,268.5932782466688
seismology,4,7,760,1,HEFT,1,1325.2504667070893
seismology,4,7,760,1,CPoP,1,1325.2504667070893
seismology,4,7,760,1,HEFT,2,1325.2504667070893
seismology,4,7,760,1,CPoP,2,1325.2504667070893
seismology,4,8,760,6,HEFT,1,287.5385297600689
seismology,4,8,760,6,CPoP,1,287.5385297600689
seismology,4,8,760,6,HEFT,2,287.5385297600689
seismology,4,8,760,6,CPoP,2,287.5385297600689
seismology,4,9,760,3,HEFT,1,581.9904470985579
seismology,4,9,760,3,CPoP,1,581.9904470985579
seismology,4,9,760,3,HEFT,2,581.9904470985579
seismology,4,9,760,3,CPoP,2,581.9904470985579
seismology,5,0,962,1,HEFT,1,3041.4876449862063
seismology,5,0,962,1,CPoP,1,3041.4876449862063
seismology,5,0,962,1,HEFT,2,3041.4876449862063
seismology,5,0,962,1,CPoP,2,3041.4876449862063
seismology,5,1,962,3,HEFT,1,782.5189004999319
seismology,5,1,962,3,CPoP,1,782.5189004999319
seismology,5,1,962,3,HEFT,2,782.5189004999319
seismology,5,1,962,3,CPoP,2,782.5189004999319
seismology,5,2,962,4,HEFT,1,575.5993234763695
seismology,5,2,962,4,CPoP,1,575.5993234763695
seismology,5,2,962,4,HEFT,2,575.5993234763695
seismology,5,2,962,4,CPoP,2,575.5993234763695
seismology,5,3,962,1,HEFT,1,1800.967902073144
seismology,5,3,962,1,CPoP,1,1800.967902073144
seismology,5,3,962,1,HEFT,2,1800.967902073144
seismology,5,3,962,1,CPoP,2,1800.967902073144
seismology,5,4,962,5,HEFT,1,472.81610591382525
seismology,5,4,962,5,CPoP,1,472.81610591382525
seismology,5,4,962,5,HEFT,2,472.81610591382525
seismology,5,4,962,5,CPoP,2,472.81610591382525
seismology,5,5,962,4,HEFT,1,607.149808659
seismology,5,5,962,4,CPoP,1,607.149808659
seismology,5,5,962,4,HEFT,2,607.149808659
seismology,5,5,962,4,CPoP,2,607.149808659
seismology,5,6,962,6,HEFT,1,359.7404397344907
seismology,5,6,962,6,CPoP,1,359.7404397344907
seismology,5,6,962,6,HEFT,2,359.7404397344907
seismology,5,6,962,6,CPoP,2,359.7404397344907
seismology,5,7,962,1,HEFT,1,1775.8091830007304
seismology,5,7,962,1,CPoP,1,1775.8091830007304
seismology,5,7,962,1,HEFT,2,1775.8091830007304
seismology,5,7,962,1,CPoP,2,1775.8091830007304
seismology,5,8,962,6,HEFT,1,385.32484188362633
seismology,5,8,962,6,CPoP,1,385.32484188362633
seismology,5,8,962,6,HEFT,2,385.32484188362633
seismology,5,8,962,6,CPoP,2,385.32484188362633
seismology,5,9,962,3,HEFT,1,779.6651112920564
seismology,5,9,962,3,CPoP,1,779.6651112920564
seismology,5,9,962,3,HEFT,2,779.6651112920564
seismology,5,9,962,3,CPoP,2,779.6651112920564
seismology,6,0,431,1,HEFT,1,1365.139892572887
seismology,6,0,431,1,CPoP,1,1365.139892572887
seismology,6,0,431,1,HEFT,2,1365.139892572887
seismology,6,0,431,1,CPoP,2,1365.139892572887
seismology,6,1,431,3,HEFT,1,351.53454637136696
seismology,6,1,431,3,CPoP,1,351.53454637136696
seismology,6,1,431,3,HEFT,2,351.53454637136696
seismology,6,1,431,3,CPoP,2,351.53454637136696
seismology,6,2,431,4,HEFT,1,258.5126776586023
seismology,6,2,431,4,CPoP,1,258.5126776586023
seismology,6,2,431,4,HEFT,2,258.5126776586023
seismology,6,2,431,4,CPoP,2,258.5126776586023
seismology,6,3,431,1,HEFT,1,808.3455911507389
seismology,6,3,431,1,CPoP,1,808.3455911507389
seismology,6,3,431,1,HEFT,2,808.3455911507389
seismology,6,3,431,1,CPoP,2,808.3455911507389
seismology,6,4,431,5,HEFT,1,212.49556503980781
seismology,6,4,431,5,CPoP,1,212.49556503980781
seismology,6,4,431,5,HEFT,2,212.49556503980781
seismology,6,4,431,5,CPoP,2,212.49556503980781
seismology,6,5,431,4,HEFT,1,272.78629180927715
seismology,6,5,431,4,CPoP,1,272.78629180927715
seismology,6,5,431,4,HEFT,2,272.78629180927715
seismology,6,5,431,4,CPoP,2,272.78629180927715
seismology,6,6,431,6,HEFT,1,161.67898020648417
seismology,6,6,431,6,CPoP,1,161.67898020648417
seismology,6,6,431,6,HEFT,2,161.67898020648417
seismology,6,6,431,6,CPoP,2,161.67898020648417
seismology,6,7,431,1,HEFT,1,797.0533634448974
seismology,6,7,431,1,CPoP,1,797.0533634448974
seismology,6,7,431,1,HEFT,2,797.0533634448974
seismology,6,7,431,1,CPoP,2,797.0533634448974
seismology,6,8,431,6,HEFT,1,173.21123689479492
seismology,6,8,431,6,CPoP,1,173.21123689479492
seismology,6,8,431,6,HEFT,2,173.21123689479492
seismology,6,8,431,6,CPoP,2,173.21123689479492
seismology,6,9,431,3,HEFT,1,349.9968447046207
seismology,6,9,431,3,CPoP,1,349.9968447046207
seismology,6,9,431,3,HEFT,2,349.9968447046207
seismology,6,9,431,3,CPoP,2,349.9968447046207
seismology,7,0,835,1,HEFT,1,2550.2233595144494
seismology,7,0,835,1,CPoP,1,2550.2233595144494
seismology,7,0,835,1,HEFT,2,2550.2233595144494
seismology,7,0,835,1,CPoP,2,2550.2233595144494
seismology,7,1,835,3,HEFT,1,656.1385824147917
seismology,7,1,835,3,CPoP,1,656.1385824147917
seismology,7,1,835,3,HEFT,2,656.1385824147917
seismology,7,1,835,3,CPoP,2,656.1385824147917
seismology,7,2,835,4,HEFT,1,482.5455199128364
seismology,7,2,835,4,CPoP,1,482.5455199128364
seismology,7,2,835,4,HEFT,2,482.5455199128364
seismology,7,2,835,4,CPoP,2,482.5455199128364
seismology,7,3,835,1,HEFT,1,1510.0736710780545
seismology,7,3,835,1,CPoP,1,1510.0736710780545
seismology,7,3,835,1,HEFT,2,1510.0736710780545
seismology,7,3,835,1,CPoP,2,1510.0736710780545
seismology,7,4,835,5,HEFT,1,396.58834267540146
seismology,7,4,835,5,CPoP,1,396.58834267540146
seismology,7,4,835,5,HEFT,2,396.58834267540146
seismology,7,4,835,5,CPoP,2,396.58834267540146
seismology,7,5,835,4,HEFT,1,509.31170851925026
seismology,7,5,835,4,CPoP,1,509.31170851925026
seismology,7,5,835,4,HEFT,2,509.31170851925026
seismology,7,5,835,4,CPoP,2,509.31170851925026
seismology,7,6,835,6,HEFT,1,301.789938655846
seismology,7,6,835,6,CPoP,1,301.789938655846
seismology,7,6,835,6,HEFT,2,301.789938655846
seismology,7,6,835,6,CPoP,2,301.789938655846
seismology,7,7,835,1,HEFT,1,1488.9786147888344
seismology,7,7,835,1,CPoP,1,1488.9786147888344
seismology,7,7,835,1,HEFT,2,1488.9786147888344
seismology,7,7,835,1,CPoP,2,1488.9786147888344
seismology,7,8,835,6,HEFT,1,323.2116393181239
seismology,7,8,835,6,CPoP,1,323.2116393181239
seismology,7,8,835,6,HEFT,2,323.2116393181239
seismology,7,8,835,6,CPoP,2,323.2116393181239
seismology,7,9,835,3,HEFT,1,653.8981072411113
seismology,7,9,835,3,CPoP,1,653.8981072411113
seismology,7,9,835,3,HEFT,2,653.8981072411113
seismology,7,9,835,3,CPoP,2,653.8981072411113
seismology,8,0,667,1,HEFT,1,2060.9302650503028
seismology,8,0,667,1,CPoP,1,2060.9302650503028
seismology,8,0,667,1,HEFT,2,2060.9302650503028
seismology,8,0,667,1,CPoP,2,2060.9302650503028
seismology,8,1,667,3,HEFT,1,530.4289791663391
seismology,8,1,667,3,CPoP,1,530.4289791663391
seismology,8,1,667,3,HEFT,2,530.4289791663391
seismology,8,1,667,3,CPoP,2,530.4289791663391
seismology,8,2,667,4,HEFT,1,390.1215667372239
seismology,8,2,667,4,CPoP,1,390.1215667372239
seismology,8,2,667,4,HEFT,2,390.1215667372239
seismology,8,2,667,4,CPoP,2,390.1215667372239
seismology,8,3,667,1,HEFT,1,1220.3466490767273
seismology,8,3,667,1,CPoP,1,1220.3466490767273
seismology,8,3,667,1,HEFT,2,1220.3466490767273
seismology,8,3,667,1,CPoP,2,1220.3466490767273
seismology,8,4,667,5,HEFT,1,320.49586194083105
seismology,8,4,667,5,CPoP,1,320.49586194083105
seismology,8,4,667,5,HEFT,2,320.49586194083105
seismology,8,4,667,5,CPoP,2,320.49586194083105
seismology,8,5,667,4,HEFT,1,411.5879732615317
seismology,8,5,667,4,CPoP,1,411.5879732615317
seismology,8,5,667,4,HEFT,2,411.5879732615317
seismology,8,5,667,4,CPoP,2,411.5879732615317
seismology,8,6,667,6,HEFT,1,243.98248530790227
seismology,8,6,667,6,CPoP,1,243.98248530790227
seismology,8,6,667,6,HEFT,2,243.98248530790227
seismology,8,6,667,6,CPoP,2,243.98248530790227
seismology,8,7,667,1,HEFT,1,1203.2989501811783
seismology,8,7,667,1,CPoP,1,1203.2989501811783
seismology,8,7,667,1,HEFT,2,1203.2989501811783
seismology,8,7,667,1,CPoP,2,1203.2989501811783
seismology,8,8,667,6,HEFT,1,261.2798449127582
seismology,8,8,667,6,CPoP,1,261.2798449127582
seismology,8,8,667,6,HEFT,2,261.2798449127582
seismology,8,8,667,6,CPoP,2,261.2798449127582
seismology,8,9,667,3,HEFT,1,528.6140782030076
seismology,8,9,667,3,CPoP,1,528.6140782030076
seismology,8,9,667,3,HEFT,2,528.6140782030076
seismology,8,9,667,3,CPoP,2,528.6140782030076
seismology,9,0,640,1,HEFT,1,2009.6621331818812
seismology,9,0,640,1,CPoP,1,2009.6621331818812
seismology,9,0,640,1,HEFT,2,2009.6621331818812
seismology,9,0,640,1,CPoP,2,2009.6621331818812
seismology,9,1,640,3,HEFT,1,517.1967099900922
seismology,9,1,640,3,CPoP,1,517.1967099900922
seismology,9,1,640,3,HEFT,2,517.1967099900922
seismology,9,1,640,3,CPoP,2,517.1967099900922
seismology,9,2,640,4,HEFT,1,380.2918630434655
seismology,9,2,640,4,CPoP,1,380.2918630434655
seismology,9,2,640,4,HEFT,2,380.2918630434655
seismology,9,2,640,4,CPoP,2,380.2918630434655
seismology,9,3,640,1,HEFT,1,1189.9890508643948
seismology,9,3,640,1,CPoP,1,1189.9890508643948
seismology,9,3,640,1,HEFT,2,1189.9890508643948
seismology,9,3,640,1,CPoP,2,1189.9890508643948
seismology,9,4,640,5,HEFT,1,312.7446916500862
seismology,9,4,640,5,CPoP,1,312.7446916500862
seismology,9,4,640,5,HEFT,2,312.7446916500862
seismology,9,4,640,5,CPoP,2,312.7446916500862
seismology,9,5,640,4,HEFT,1,401.41046201898615
seismology,9,5,640,4,CPoP,1,401.41046201898615
seismology,9,5,640,4,HEFT,2,401.41046201898615
seismology,9,5,640,4,CPoP,2,401.41046201898615
seismology,9,6,640,6,HEFT,1,237.91604098079742
seismology,9,6,640,6,CPoP,1,237.91604098079742
seismology,9,6,640,6,HEFT,2,237.91604098079742
seismology,9,6,640,6,CPoP,2,237.91604098079742
seismology,9,7,640,1,HEFT,1,1173.3654340883918
seismology,9,7,640,1,CPoP,1,1173.3654340883918
seismology,9,7,640,1,HEFT,2,1173.3654340883918
seismology,9,7,640,1,CPoP,2,1173.3654340883918
seismology,9,8,640,6,HEFT,1,254.74932634210302
seismology,9,8,640,6,CPoP,1,254.74932634210302
seismology,9,8,640,6,HEFT,2,254.74932634210302
seismology,9,8,640,6,CPoP,2,254.74932634210302
seismology,9,9,640,3,HEFT,1,515.2953995772627
seismology,9,9,640,3,CPoP,1,515.2953995772627
seismology,9,9,640,3,HEFT,2,515.2953995772627
seismology,9,9,640,3,CPoP,2,515.2953995772627
