,scheduler,makespan_ratio
0,BILScheduler,1.0000000000190943
1,BILScheduler,1.859643970672924
2,BILScheduler,1.4405173285235158
3,BILScheduler,1.0000000000163536
4,BILScheduler,2.685719582902364
5,BILScheduler,1.000000000019121
6,BILScheduler,1.0000000000191491
7,BILScheduler,1.6508327157649763
8,BILScheduler,2.1029060612441417
9,BILScheduler,1.0000000000192766
10,BILScheduler,1.000000000017874
11,BILScheduler,1.9964934724082004
12,BILScheduler,1.534071037106948
13,BILScheduler,1.5848169471218883
14,BILScheduler,2.1632403978289023
15,BILScheduler,2.1238091103122443
16,BILScheduler,1.2594018539604392
17,BILScheduler,1.0000000000214
18,BILScheduler,1.0000000000196054
19,BILScheduler,1.0000000000148128
20,BILScheduler,1.0000000000176783
21,BILScheduler,1.6828028369627581
22,BILScheduler,1.4163964860382074
23,BILScheduler,1.0000000000145113
24,BILScheduler,1.4093876935622662
25,BILScheduler,2.861480053452455
26,BILScheduler,2.6353078491643305
27,BILScheduler,1.000000000022442
28,BILScheduler,1.4609326540556462
29,BILScheduler,1.8789487306439607
30,BILScheduler,1.2248071396899172
31,BILScheduler,1.6360123389680994
32,BILScheduler,2.6868759168793197
33,BILScheduler,1.0000000000180813
34,BILScheduler,2.043275122248221
35,BILScheduler,1.0000000000166576
36,BILScheduler,2.830353588468053
37,BILScheduler,1.0000000000231646
38,BILScheduler,1.8066220854287989
39,BILScheduler,1.2859555766513278
40,BILScheduler,1.0870360126437817
41,BILScheduler,2.1908272322422113
42,BILScheduler,2.4122890118931215
43,BILScheduler,1.0000000000211555
44,BILScheduler,1.0000000000160647
45,BILScheduler,2.5156184240718127
46,BILScheduler,1.1267713737744116
47,BILScheduler,2.0752184582376634
48,BILScheduler,2.6770918697846984
49,BILScheduler,2.3772935462044695
50,BILScheduler,2.144921126105104
51,BILScheduler,1.4461934202122122
52,BILScheduler,2.3604112963968737
53,BILScheduler,1.654151352150415
54,BILScheduler,1.7294839290047852
55,BILScheduler,1.7088305080783879
56,BILScheduler,1.000000000017084
57,BILScheduler,2.7629824199477233
58,BILScheduler,2.563180816560246
59,BILScheduler,1.3038071051060567
60,BILScheduler,1.0000000000232705
61,BILScheduler,1.378091283711947
62,BILScheduler,1.6178204418630204
63,BILScheduler,1.0000000000221743
64,BILScheduler,1.507044971546946
65,BILScheduler,1.9560709560085738
66,BILScheduler,1.6172893697777013
67,BILScheduler,2.0422990736480005
68,BILScheduler,1.3871737652158582
69,BILScheduler,1.5045934856076195
70,BILScheduler,1.3530944767400643
71,BILScheduler,1.000000000019436
72,BILScheduler,1.9046134276814017
73,BILScheduler,1.0000000000175124
74,BILScheduler,1.0000000000181948
75,BILScheduler,1.0000000000184697
76,BILScheduler,1.0000000000181064
77,BILScheduler,2.7594965596496275
78,BILScheduler,1.4907753529159624
79,BILScheduler,2.8345981692179985
80,BILScheduler,2.439033776599831
81,BILScheduler,2.563109553021837
82,BILScheduler,2.0588584329915838
83,BILScheduler,1.0000000000170461
84,BILScheduler,1.0000000000156868
85,BILScheduler,1.4878347072598999
86,BILScheduler,1.656880463891471
87,BILScheduler,2.549541353422357
88,BILScheduler,1.000000000019343
89,BILScheduler,2.1076962017342518
90,BILScheduler,1.0000000000187974
91,BILScheduler,1.000000000017455
92,BILScheduler,1.000000000018765
93,BILScheduler,2.67568778451219
94,BILScheduler,2.9709941781694207
95,BILScheduler,1.963095746762764
96,BILScheduler,1.2696427103019683
97,BILScheduler,1.9622590625709582
98,BILScheduler,1.1885436502404056
99,BILScheduler,1.6539346805848938
100,CpopScheduler,1.000007958597329
101,CpopScheduler,1.0000063591644042
102,CpopScheduler,1.0000045609211883
103,CpopScheduler,1.0000092532563247
104,CpopScheduler,1.000010220991883
105,CpopScheduler,1.0000099141327834
106,CpopScheduler,1.00000641599832
107,CpopScheduler,1.00001411031803
108,CpopScheduler,1.0000198663971709
109,CpopScheduler,1.0000092641772818
110,CpopScheduler,1.0000062668350884
111,CpopScheduler,1.000003243715406
112,CpopScheduler,1.0000133302267067
113,CpopScheduler,1.0000120301550615
114,CpopScheduler,1.0000030363254422
115,CpopScheduler,1.0000025368502874
116,CpopScheduler,1.0000060236141162
117,CpopScheduler,1.0000055139554698
118,CpopScheduler,1.0000113126910974
119,CpopScheduler,1.0000108947600923
120,CpopScheduler,1.0000085836263561
121,CpopScheduler,1.0000176761619775
122,CpopScheduler,1.000007193747861
123,CpopScheduler,1.0000090129638446
124,CpopScheduler,1.00000436963288
125,CpopScheduler,1.000002020086596
126,CpopScheduler,1.0000013925719942
127,CpopScheduler,1.000013056323024
128,CpopScheduler,1.0000116572717808
129,CpopScheduler,1.0000110424988773
130,CpopScheduler,1.0000114097467614
131,CpopScheduler,1.0000107962733156
132,CpopScheduler,1.0017432015576522
133,CpopScheduler,1.0000079866972111
134,CpopScheduler,1.0000082389451719
135,CpopScheduler,1.0000103788251997
136,CpopScheduler,1.0000034255075099
137,CpopScheduler,1.0000168327676844
138,CpopScheduler,1.000002138866637
139,CpopScheduler,1.0000057710587444
140,CpopScheduler,1.0000157144615813
141,CpopScheduler,1.000006242030858
142,CpopScheduler,1.0000030805835889
143,CpopScheduler,1.0000147043757779
144,CpopScheduler,1.0000087336624595
145,CpopScheduler,1.0
146,CpopScheduler,1.0000140489365354
147,CpopScheduler,1.0000021445775924
148,CpopScheduler,1.0000026410964653
149,CpopScheduler,1.000006828394801
150,CpopScheduler,1.000002986799832
151,CpopScheduler,1.0000080390070383
152,CpopScheduler,1.0000012044804396
153,CpopScheduler,1.000015411659302
154,CpopScheduler,1.0000099796304491
155,CpopScheduler,1.0000045693329018
156,CpopScheduler,1.000009228850132
157,CpopScheduler,1.0000034327399383
158,CpopScheduler,1.0000036614208
159,CpopScheduler,1.0000143159035177
160,CpopScheduler,1.0000117675917244
161,CpopScheduler,1.0000089168627504
162,CpopScheduler,1.0000007422316775
163,CpopScheduler,1.000012212833684
164,CpopScheduler,1.0000148056535125
165,CpopScheduler,1.000009467343967
166,CpopScheduler,1.0000032499936355
167,CpopScheduler,1.0000098927268986
168,CpopScheduler,1.0000082832065211
169,CpopScheduler,1.0000082336152087
170,CpopScheduler,1.0000082017125584
171,CpopScheduler,1.0000062730493313
172,CpopScheduler,1.0000068847767563
173,CpopScheduler,1.0000059877673086
174,CpopScheduler,1.0000061686037336
175,CpopScheduler,1.0000054052429528
176,CpopScheduler,1.00000625136889
177,CpopScheduler,1.0000114754642144
178,CpopScheduler,1.0000093927616756
179,CpopScheduler,1.0000106320506321
180,CpopScheduler,1.0000144125582342
181,CpopScheduler,1.0000021755861435
182,CpopScheduler,1.0000111801371028
183,CpopScheduler,1.0000100273089803
184,CpopScheduler,1.0000057994979128
185,CpopScheduler,1.000010432336754
186,CpopScheduler,1.0000123375319039
187,CpopScheduler,1.0000027897608108
188,CpopScheduler,1.000008890560816
189,CpopScheduler,1.000008666855322
190,CpopScheduler,1.000005674639135
191,CpopScheduler,1.0000036252367683
192,CpopScheduler,1.0000054916572736
193,CpopScheduler,1.0000219977975555
194,CpopScheduler,1.000003478435504
195,CpopScheduler,1.0000068658803851
196,CpopScheduler,1.0000150889296653
197,CpopScheduler,1.0000108921428779
198,CpopScheduler,1.000012477728337
199,CpopScheduler,1.0000079900269505
200,DuplexScheduler,1.0
201,DuplexScheduler,1.0
202,DuplexScheduler,1.0
203,DuplexScheduler,1.0
204,DuplexScheduler,1.0000019655753623
205,DuplexScheduler,1.0
206,DuplexScheduler,1.0
207,DuplexScheduler,1.0
208,DuplexScheduler,1.0
209,DuplexScheduler,1.0
210,DuplexScheduler,1.0
211,DuplexScheduler,1.0
212,DuplexScheduler,1.0
213,DuplexScheduler,1.0
214,DuplexScheduler,1.0
215,DuplexScheduler,1.0
216,DuplexScheduler,1.0
217,DuplexScheduler,1.0
218,DuplexScheduler,1.0
219,DuplexScheduler,1.0
220,DuplexScheduler,1.0
221,DuplexScheduler,1.0
222,DuplexScheduler,1.0
223,DuplexScheduler,1.0
224,DuplexScheduler,1.0
225,DuplexScheduler,1.0
226,DuplexScheduler,1.0
227,DuplexScheduler,1.0
228,DuplexScheduler,1.0
229,DuplexScheduler,1.0
230,DuplexScheduler,1.0
231,DuplexScheduler,1.0
232,DuplexScheduler,1.0
233,DuplexScheduler,1.0
234,DuplexScheduler,1.0
235,DuplexScheduler,1.0
236,DuplexScheduler,1.0
237,DuplexScheduler,1.0
238,DuplexScheduler,1.0
239,DuplexScheduler,1.0
240,DuplexScheduler,1.0
241,DuplexScheduler,1.0
242,DuplexScheduler,1.0000015402917946
243,DuplexScheduler,1.0
244,DuplexScheduler,1.0
245,DuplexScheduler,1.0326661783235584
246,DuplexScheduler,1.0
247,DuplexScheduler,1.000001949615993
248,DuplexScheduler,1.0000013205482325
249,DuplexScheduler,1.0
250,DuplexScheduler,1.000001493399916
251,DuplexScheduler,1.0
252,DuplexScheduler,1.0
253,DuplexScheduler,1.0
254,DuplexScheduler,1.0
255,DuplexScheduler,1.0
256,DuplexScheduler,1.0
257,DuplexScheduler,1.0
258,DuplexScheduler,1.0
259,DuplexScheduler,1.0
260,DuplexScheduler,1.0
261,DuplexScheduler,1.0
262,DuplexScheduler,1.0
263,DuplexScheduler,1.0
264,DuplexScheduler,1.0
265,DuplexScheduler,1.0
266,DuplexScheduler,1.0000016249968178
267,DuplexScheduler,1.0
268,DuplexScheduler,1.0
269,DuplexScheduler,1.0
270,DuplexScheduler,1.0
271,DuplexScheduler,1.0
272,DuplexScheduler,1.0
273,DuplexScheduler,1.0
274,DuplexScheduler,1.0
275,DuplexScheduler,1.0
276,DuplexScheduler,1.0
277,DuplexScheduler,1.0
278,DuplexScheduler,1.0
279,DuplexScheduler,1.0
280,DuplexScheduler,1.0
281,DuplexScheduler,1.0
282,DuplexScheduler,1.0
283,DuplexScheduler,1.0
284,DuplexScheduler,1.0
285,DuplexScheduler,1.0
286,DuplexScheduler,1.0
287,DuplexScheduler,1.0
288,DuplexScheduler,1.0
289,DuplexScheduler,1.0
290,DuplexScheduler,1.0
291,DuplexScheduler,1.0
292,DuplexScheduler,1.0
293,DuplexScheduler,1.0000035480318636
294,DuplexScheduler,1.0
295,DuplexScheduler,1.0
296,DuplexScheduler,1.0
297,DuplexScheduler,1.0000020946428612
298,DuplexScheduler,1.0
299,DuplexScheduler,1.0
300,ETFScheduler,50.000004813667736
301,ETFScheduler,50.000003846268775
302,ETFScheduler,50.00000275862169
303,ETFScheduler,50.000005596727604
304,ETFScheduler,50.26409734755872
305,ETFScheduler,50.000005996451264
306,ETFScheduler,50.00000388064414
307,ETFScheduler,50.30590109869149
308,ETFScheduler,50.4306885719139
309,ETFScheduler,50.200840406493846
310,ETFScheduler,50.135860278615596
311,ETFScheduler,42.64831268649803
312,ETFScheduler,50.28898930461256
313,ETFScheduler,50.26080472764343
314,ETFScheduler,43.51650377849203
315,ETFScheduler,40.90009463795422
316,ETFScheduler,50.06856372546706
317,ETFScheduler,50.00000333505371
318,ETFScheduler,50.2452506476886
319,ETFScheduler,50.23619021733729
320,ETFScheduler,50.18608657349511
321,ETFScheduler,50.38320591768529
322,ETFScheduler,50.15595505145841
323,ETFScheduler,50.19539428782934
324,ETFScheduler,50.0000026429231
325,ETFScheduler,42.21702314640992
326,ETFScheduler,39.42801428859575
327,ETFScheduler,50.283051278469095
328,ETFScheduler,50.00000705076922
329,ETFScheduler,50.239393083259245
330,ETFScheduler,50.00000690105651
331,ETFScheduler,50.000006530004036
332,ETFScheduler,44.29942206457806
333,ETFScheduler,50.00000483066364
334,ETFScheduler,50.00000498323297
335,ETFScheduler,50.00000627751524
336,ETFScheduler,41.002960555290215
337,ETFScheduler,50.364921762763444
338,ETFScheduler,43.70657668588768
339,ETFScheduler,50.00000349055972
340,ETFScheduler,50.34067772625092
341,ETFScheduler,50.135322541525035
342,ETFScheduler,41.93386860193234
343,ETFScheduler,50.31877982456063
344,ETFScheduler,50.000005282457124
345,ETFScheduler,42.215551176604336
346,ETFScheduler,50.304570393992385
347,ETFScheduler,43.09848432179592
348,ETFScheduler,39.452760440051414
349,ETFScheduler,50.00000413007751
350,ETFScheduler,44.432643000167566
351,ETFScheduler,50.000004862302646
352,ETFScheduler,42.211695456238246
353,ETFScheduler,50.33411320022168
354,ETFScheduler,50.21635089389362
355,ETFScheduler,50.000002895314616
356,ETFScheduler,50.20007454042021
357,ETFScheduler,50.000002076254
358,ETFScheduler,43.86393578568764
359,ETFScheduler,50.3103580376847
360,ETFScheduler,50.000007117494995
361,ETFScheduler,50.04667094180978
362,ETFScheduler,43.01050703140375
363,ETFScheduler,50.00000738679458
364,ETFScheduler,50.32097544978882
365,ETFScheduler,50.000005726216095
366,ETFScheduler,42.52356429379636
367,ETFScheduler,50.21446689017836
368,ETFScheduler,50.00000501000394
369,ETFScheduler,50.000004980009194
370,ETFScheduler,50.17780696915031
371,ETFScheduler,50.00000379418306
372,ETFScheduler,50.000004164179465
373,ETFScheduler,50.000003621633454
374,ETFScheduler,50.000003731010324
375,ETFScheduler,50.117181608135894
376,ETFScheduler,50.0000037810699
377,ETFScheduler,50.24877944663183
378,ETFScheduler,50.000005681105854
379,ETFScheduler,50.00000643067578
380,ETFScheduler,50.31676992955217
381,ETFScheduler,42.18863233554497
382,ETFScheduler,50.00000676217971
383,ETFScheduler,50.00000606490463
384,ETFScheduler,50.00000350776083
385,ETFScheduler,50.226165226617084
386,ETFScheduler,50.26746842675393
387,ETFScheduler,42.395076388787885
388,ETFScheduler,50.19274068209072
389,ETFScheduler,50.187890914973934
390,ETFScheduler,50.0000034322414
391,ETFScheduler,50.000002192683525
392,ETFScheduler,50.11905500571044
393,ETFScheduler,50.47689573166996
394,ETFScheduler,40.59374370884218
395,ETFScheduler,50.00000415275023
396,ETFScheduler,50.00000912636874
397,ETFScheduler,50.28143903019955
398,ETFScheduler,50.270507780151355
399,ETFScheduler,50.173217784141315
400,FCPScheduler,50.000004813667736
401,FCPScheduler,50.000003846268775
402,FCPScheduler,50.00000275862169
403,FCPScheduler,50.000005596727604
404,FCPScheduler,49.9999090921395
405,FCPScheduler,50.000005996451264
406,FCPScheduler,50.00000388064414
407,FCPScheduler,50.00000853446655
408,FCPScheduler,50.00001201596602
409,FCPScheduler,50.000005603333044
410,FCPScheduler,50.00000379042446
411,FCPScheduler,42.43206661463079
412,FCPScheduler,50.000008062637114
413,FCPScheduler,50.00000727630346
414,FCPScheduler,43.31408360051194
415,FCPScheduler,40.90009463795422
416,FCPScheduler,50.06856372546706
417,FCPScheduler,50.00000333505371
418,FCPScheduler,50.00000684235347
419,FCPScheduler,50.000006589572635
420,FCPScheduler,50.00000519170949
421,FCPScheduler,50.00001069122699
422,FCPScheduler,50.00000435105717
423,FCPScheduler,50.00000545138944
424,FCPScheduler,50.0000026429231
425,FCPScheduler,42.21702314640992
426,FCPScheduler,39.42801428859575
427,FCPScheduler,50.00000789696957
428,FCPScheduler,50.00000705076922
429,FCPScheduler,50.00000667893077
430,FCPScheduler,50.00000690105651
431,FCPScheduler,50.000006530004036
432,FCPScheduler,43.98470441609959
433,FCPScheduler,50.00000483066364
434,FCPScheduler,50.00000498323297
435,FCPScheduler,50.00000627751524
436,FCPScheduler,41.002960555290215
437,FCPScheduler,50.00001018110949
438,FCPScheduler,43.56398664619584
439,FCPScheduler,50.00000349055972
440,FCPScheduler,50.000009504714654
441,FCPScheduler,50.000003775421895
442,FCPScheduler,41.728497902972585
443,FCPScheduler,50.00000889377566
444,FCPScheduler,50.000005282457124
445,FCPScheduler,42.0798890870445
446,FCPScheduler,50.000008497340644
447,FCPScheduler,43.09848432179592
448,FCPScheduler,39.27668866290502
449,FCPScheduler,50.00000413007751
450,FCPScheduler,44.23352450479112
451,FCPScheduler,50.000004862302646
452,FCPScheduler,42.211695456238246
453,FCPScheduler,50.00000932156813
454,FCPScheduler,50.000006036066814
455,FCPScheduler,50.000002895314616
456,FCPScheduler,50.00000558196581
457,FCPScheduler,50.000002076254
458,FCPScheduler,43.619842896398445
459,FCPScheduler,50.000008658812604
460,FCPScheduler,50.000007117494995
461,FCPScheduler,50.04667094180978
462,FCPScheduler,43.01050703140375
463,FCPScheduler,50.00000738679458
464,FCPScheduler,50.000008955032364
465,FCPScheduler,50.000005726216095
466,FCPScheduler,42.30689967642365
467,FCPScheduler,50.000005983504174
468,FCPScheduler,50.00000501000394
469,FCPScheduler,50.000004980009194
470,FCPScheduler,50.000004960713255
471,FCPScheduler,50.00000379418306
472,FCPScheduler,50.000004164179465
473,FCPScheduler,50.000003621633454
474,FCPScheduler,50.000003731010324
475,FCPScheduler,50.00000326930015
476,FCPScheduler,50.0000037810699
477,FCPScheduler,50.00000694080497
478,FCPScheduler,50.000005681105854
479,FCPScheduler,50.00000643067578
480,FCPScheduler,49.99999885961557
481,FCPScheduler,42.043594347106094
482,FCPScheduler,50.00000676217971
483,FCPScheduler,50.00000606490463
484,FCPScheduler,50.00000350776083
485,FCPScheduler,50.00000630988111
486,FCPScheduler,50.000007462216885
487,FCPScheduler,42.20909372961774
488,FCPScheduler,50.00000537735531
489,FCPScheduler,50.00000524204959
490,FCPScheduler,50.0000034322414
491,FCPScheduler,50.000002192683525
492,FCPScheduler,50.00000332156689
493,FCPScheduler,50.00001330511948
494,FCPScheduler,40.36184974779525
495,FCPScheduler,50.00000415275023
496,FCPScheduler,50.00000912636874
497,FCPScheduler,49.99990312276766
498,FCPScheduler,50.0000075470131
499,FCPScheduler,50.0000048326776
500,FLBScheduler,1.000007958597329
501,FLBScheduler,1.0000063591644042
502,FLBScheduler,1.0000045609211883
503,FLBScheduler,1.0000092532563247
504,FLBScheduler,1.0000082554165208
505,FLBScheduler,1.0000099141327834
506,FLBScheduler,1.00000641599832
507,FLBScheduler,1.0000118344602833
508,FLBScheduler,1.0000166621395625
509,FLBScheduler,1.0000077699551395
510,FLBScheduler,1.0000052560552355
511,FLBScheduler,5.345153323929172
512,FLBScheduler,1.000011180190141
513,FLBScheduler,1.0000100898074709
514,FLBScheduler,4.170613818175747
515,FLBScheduler,4.921362129977153
516,FLBScheduler,1.0000063104528836
517,FLBScheduler,1.0000055139554698
518,FLBScheduler,1.000009488063501
519,FLBScheduler,1.0000091375407225
520,FLBScheduler,1.0000071991704922
521,FLBScheduler,1.00001482516811
522,FLBScheduler,1.0000060334659482
523,FLBScheduler,1.0000075592599988
524,FLBScheduler,1.00000436963288
525,FLBScheduler,6.853255280626391
526,FLBScheduler,8.016342910149836
527,FLBScheduler,1.0000109504644719
528,FLBScheduler,1.0000116572717808
529,FLBScheduler,1.0000092614506713
530,FLBScheduler,1.0000114097467614
531,FLBScheduler,1.0000107962733156
532,FLBScheduler,5.182599667127452
533,FLBScheduler,1.0000079866972111
534,FLBScheduler,1.0000082389451719
535,FLBScheduler,1.0000103788251997
536,FLBScheduler,4.800874150815632
537,FLBScheduler,1.0000141178051547
538,FLBScheduler,2.11960087604541
539,FLBScheduler,1.0000057710587444
540,FLBScheduler,1.0000131798710037
541,FLBScheduler,1.0000052352516873
542,FLBScheduler,2.7337926446025835
543,FLBScheduler,1.0000123327022654
544,FLBScheduler,1.0000087336624595
545,FLBScheduler,8.579588388841511
546,FLBScheduler,1.00001178297903
547,FLBScheduler,6.400968797256343
548,FLBScheduler,5.158610907403301
549,FLBScheduler,1.000006828394801
550,FLBScheduler,4.876839088655102
551,FLBScheduler,1.0000080390070383
552,FLBScheduler,5.913739727069576
553,FLBScheduler,1.0000129259078017
554,FLBScheduler,1.000008370012635
555,FLBScheduler,1.000004786920183
556,FLBScheduler,1.0000077403259173
557,FLBScheduler,1.0000034327399383
558,FLBScheduler,4.010691454628789
559,FLBScheduler,1.0000120068868215
560,FLBScheduler,1.0000117675917244
561,FLBScheduler,1.0000093414752622
562,FLBScheduler,7.715509628372245
563,FLBScheduler,1.000012212833684
564,FLBScheduler,1.0000124176448815
565,FLBScheduler,1.000009467343967
566,FLBScheduler,3.014776214150421
567,FLBScheduler,1.000008297125786
568,FLBScheduler,1.0000082832065211
569,FLBScheduler,1.0000082336152087
570,FLBScheduler,1.0000068788556942
571,FLBScheduler,1.0000062730493313
572,FLBScheduler,1.0000068847767563
573,FLBScheduler,1.0000059877673086
574,FLBScheduler,1.0000061686037336
575,FLBScheduler,1.0000045334295733
576,FLBScheduler,1.00000625136889
577,FLBScheduler,1.0000096245828896
578,FLBScheduler,1.0000093927616756
579,FLBScheduler,1.0000106320506321
580,FLBScheduler,1.0000120557637977
581,FLBScheduler,4.344361572348656
582,FLBScheduler,1.0000111801371028
583,FLBScheduler,1.0000100273089803
584,FLBScheduler,1.0000057994979128
585,FLBScheduler,1.0000087497017938
586,FLBScheduler,1.0000103476074031
587,FLBScheduler,4.990835980419668
588,FLBScheduler,1.0000074565993937
589,FLBScheduler,1.0000072689754314
590,FLBScheduler,1.000005674639135
591,FLBScheduler,1.0000036252367683
592,FLBScheduler,1.0000046059061005
593,FLBScheduler,1.0000184497656917
594,FLBScheduler,5.386145393807859
595,FLBScheduler,1.0000068658803851
596,FLBScheduler,1.0000150889296653
597,FLBScheduler,1.0000087975000167
598,FLBScheduler,1.0000104651915085
599,FLBScheduler,1.0000067013129261
600,FastestNodeScheduler,1.119040691984365
601,FastestNodeScheduler,1.1436777261529916
602,FastestNodeScheduler,1.2436949521173617
603,FastestNodeScheduler,1.0921224598457908
604,FastestNodeScheduler,1.1787467626725756
605,FastestNodeScheduler,1.1850560589228807
606,FastestNodeScheduler,1.1352362630796586
607,FastestNodeScheduler,1.145657655134645
608,FastestNodeScheduler,1.2203624167424398
609,FastestNodeScheduler,1.1797163905158918
610,FastestNodeScheduler,1.2424569456680685
611,FastestNodeScheduler,1.0
612,FastestNodeScheduler,1.1221137359740285
613,FastestNodeScheduler,1.1305639530316867
614,FastestNodeScheduler,1.0
615,FastestNodeScheduler,1.0
616,FastestNodeScheduler,1.1594373560340532
617,FastestNodeScheduler,1.1598841054285678
618,FastestNodeScheduler,1.2407861528434627
619,FastestNodeScheduler,1.1421199713867114
620,FastestNodeScheduler,1.2562411221997751
621,FastestNodeScheduler,1.144185109948226
622,FastestNodeScheduler,1.1843622375460057
623,FastestNodeScheduler,1.108192183436917
624,FastestNodeScheduler,1.169266757579318
625,FastestNodeScheduler,1.0
626,FastestNodeScheduler,1.0
627,FastestNodeScheduler,1.1721304409366293
628,FastestNodeScheduler,1.215641517314609
629,FastestNodeScheduler,1.1090796958405147
630,FastestNodeScheduler,1.103543763148229
631,FastestNodeScheduler,1.1927300182934035
632,FastestNodeScheduler,1.0
633,FastestNodeScheduler,1.129961737847732
634,FastestNodeScheduler,1.15765213011154
635,FastestNodeScheduler,1.19864385055167
636,FastestNodeScheduler,1.0
637,FastestNodeScheduler,1.1534975552089322
638,FastestNodeScheduler,1.0
639,FastestNodeScheduler,1.149778531340291
640,FastestNodeScheduler,1.1134101171691955
641,FastestNodeScheduler,1.1749839008645684
642,FastestNodeScheduler,1.0
643,FastestNodeScheduler,1.1090607036117226
644,FastestNodeScheduler,1.129701713897291
645,FastestNodeScheduler,1.0326651608502557
646,FastestNodeScheduler,1.1639492712748762
647,FastestNodeScheduler,1.0
648,FastestNodeScheduler,1.0
649,FastestNodeScheduler,1.0645786648060984
650,FastestNodeScheduler,1.0
651,FastestNodeScheduler,1.1705856556355305
652,FastestNodeScheduler,1.0
653,FastestNodeScheduler,1.0730411585766475
654,FastestNodeScheduler,1.2050929066580587
655,FastestNodeScheduler,1.2569663287798356
656,FastestNodeScheduler,1.2379810888536964
657,FastestNodeScheduler,1.2741824979560825
658,FastestNodeScheduler,1.0
659,FastestNodeScheduler,1.190612725079681
660,FastestNodeScheduler,1.2494861981185188
661,FastestNodeScheduler,1.1339792134966895
662,FastestNodeScheduler,1.0
663,FastestNodeScheduler,1.1261583122535548
664,FastestNodeScheduler,1.147184021831161
665,FastestNodeScheduler,1.1800742240352295
666,FastestNodeScheduler,1.0
667,FastestNodeScheduler,1.0792221022477233
668,FastestNodeScheduler,1.1337098568514583
669,FastestNodeScheduler,1.1891975467110596
670,FastestNodeScheduler,1.2049484399318862
671,FastestNodeScheduler,1.1716219020009415
672,FastestNodeScheduler,1.1404838374528703
673,FastestNodeScheduler,1.1337909391807555
674,FastestNodeScheduler,1.1010261803323786
675,FastestNodeScheduler,1.3144789374900867
676,FastestNodeScheduler,1.1348185012567924
677,FastestNodeScheduler,1.2423255528034196
678,FastestNodeScheduler,1.1996143477020997
679,FastestNodeScheduler,1.2072296274322074
680,FastestNodeScheduler,1.1196690976284598
681,FastestNodeScheduler,1.0
682,FastestNodeScheduler,1.1387540410783723
683,FastestNodeScheduler,1.196292765224296
684,FastestNodeScheduler,1.2093201449236228
685,FastestNodeScheduler,1.2775418498241882
686,FastestNodeScheduler,1.141499996285171
687,FastestNodeScheduler,1.0
688,FastestNodeScheduler,1.2116885448368444
689,FastestNodeScheduler,1.214504814165812
690,FastestNodeScheduler,1.1654650773089674
691,FastestNodeScheduler,1.209430767157948
692,FastestNodeScheduler,1.1905570465694637
693,FastestNodeScheduler,1.2034995207907508
694,FastestNodeScheduler,1.0
695,FastestNodeScheduler,1.151854810563226
696,FastestNodeScheduler,1.2458412071481093
697,FastestNodeScheduler,1.2388666974280995
698,FastestNodeScheduler,1.1624277800739282
699,FastestNodeScheduler,1.1506065508851706
700,GDLScheduler,53.073029200573586
701,GDLScheduler,53.83031648934689
702,GDLScheduler,58.48737325747481
703,GDLScheduler,54.29308792196843
704,GDLScheduler,58.224848762125994
705,GDLScheduler,55.470727996128105
706,GDLScheduler,55.80152316951909
707,GDLScheduler,56.92340749180946
708,GDLScheduler,57.43306473850959
709,GDLScheduler,55.581533938607805
710,GDLScheduler,55.84349412056061
711,GDLScheduler,46.53435234364736
712,GDLScheduler,55.661676552919545
713,GDLScheduler,54.94201578860111
714,GDLScheduler,47.6529755123318
715,GDLScheduler,47.473523159784456
716,GDLScheduler,56.632886582759575
717,GDLScheduler,54.42942214509949
718,GDLScheduler,58.20305646317721
719,GDLScheduler,54.68751023462879
720,GDLScheduler,58.64719813820749
721,GDLScheduler,55.1793884820761
722,GDLScheduler,54.09559694601869
723,GDLScheduler,54.855894474207545
724,GDLScheduler,55.34791617197221
725,GDLScheduler,47.94257978916901
726,GDLScheduler,44.76884808922063
727,GDLScheduler,56.42324866758511
728,GDLScheduler,59.04277544151154
729,GDLScheduler,54.538197182238804
730,GDLScheduler,53.86454631992749
731,GDLScheduler,58.57562344547462
732,GDLScheduler,47.226305873068036
733,GDLScheduler,55.612936441440354
734,GDLScheduler,55.57268218195005
735,GDLScheduler,55.63802671356149
736,GDLScheduler,48.18028553622174
737,GDLScheduler,56.03410170234486
738,GDLScheduler,49.425396491840694
739,GDLScheduler,53.34524554062218
740,GDLScheduler,55.11993897049357
741,GDLScheduler,57.57351513885779
742,GDLScheduler,49.15195551402615
743,GDLScheduler,53.70276967225494
744,GDLScheduler,55.27892599300384
745,GDLScheduler,47.026725275473034
746,GDLScheduler,57.332876899539045
747,GDLScheduler,47.2709241479063
748,GDLScheduler,46.47199196115773
749,GDLScheduler,52.57701727850277
750,GDLScheduler,46.96801428472147
751,GDLScheduler,57.62945646851659
752,GDLScheduler,46.82684537239757
753,GDLScheduler,53.59652032154703
754,GDLScheduler,56.731285955322306
755,GDLScheduler,56.95588121893795
756,GDLScheduler,56.445291751557285
757,GDLScheduler,58.305774028819016
758,GDLScheduler,48.04045889555995
759,GDLScheduler,54.69770069947011
760,GDLScheduler,59.3985522059113
761,GDLScheduler,53.99444357892754
762,GDLScheduler,46.35113437496382
763,GDLScheduler,55.83858055104222
764,GDLScheduler,56.40622057321633
765,GDLScheduler,54.566292060626104
766,GDLScheduler,48.89332873661706
767,GDLScheduler,52.9591115287433
768,GDLScheduler,52.79511498699801
769,GDLScheduler,55.23063572741133
770,GDLScheduler,57.06527029342943
771,GDLScheduler,54.827712416393034
772,GDLScheduler,54.64502848573348
773,GDLScheduler,54.40747973497607
774,GDLScheduler,54.14860177665071
775,GDLScheduler,57.96452140640397
776,GDLScheduler,55.85773422201934
777,GDLScheduler,56.78400073543801
778,GDLScheduler,55.563233398326105
779,GDLScheduler,58.69835246812876
780,GDLScheduler,55.626575722774376
781,GDLScheduler,47.18039468302015
782,GDLScheduler,56.524881168591214
783,GDLScheduler,56.02679440326882
784,GDLScheduler,55.125649274334336
785,GDLScheduler,56.550215908747894
786,GDLScheduler,54.31483111009321
787,GDLScheduler,46.705662553727215
788,GDLScheduler,56.678028144962504
789,GDLScheduler,56.27534802713322
790,GDLScheduler,57.24681907531227
791,GDLScheduler,56.57980413035701
792,GDLScheduler,55.46000651735313
793,GDLScheduler,60.22318561354108
794,GDLScheduler,46.5386818641064
795,GDLScheduler,54.55347160599231
796,GDLScheduler,62.429595425846856
797,GDLScheduler,57.81709267465987
798,GDLScheduler,53.22423632323202
799,GDLScheduler,54.86516993276681
800,HeftScheduler,1.0
801,HeftScheduler,1.0
802,HeftScheduler,1.0
803,HeftScheduler,1.0
804,HeftScheduler,1.0
805,HeftScheduler,1.0
806,HeftScheduler,1.0
807,HeftScheduler,1.0
808,HeftScheduler,1.0
809,HeftScheduler,1.0
810,HeftScheduler,1.0
811,HeftScheduler,1.000001621857703
812,HeftScheduler,1.0
813,HeftScheduler,1.0
814,HeftScheduler,1.000001366346449
815,HeftScheduler,1.0
816,HeftScheduler,1.0
817,HeftScheduler,1.0
818,HeftScheduler,1.0
819,HeftScheduler,1.0
820,HeftScheduler,1.0
821,HeftScheduler,1.0
822,HeftScheduler,1.0
823,HeftScheduler,1.0
824,HeftScheduler,1.0
825,HeftScheduler,1.0
826,HeftScheduler,1.0
827,HeftScheduler,1.0
828,HeftScheduler,1.0
829,HeftScheduler,1.0
830,HeftScheduler,1.0
831,HeftScheduler,1.0
832,HeftScheduler,1.00000212436006
833,HeftScheduler,1.0
834,HeftScheduler,1.0
835,HeftScheduler,1.0
836,HeftScheduler,1.0
837,HeftScheduler,1.0
838,HeftScheduler,1.0000009624899866
839,HeftScheduler,1.0
840,HeftScheduler,1.0
841,HeftScheduler,1.0
842,HeftScheduler,1.0000013862626151
843,HeftScheduler,1.0
844,HeftScheduler,1.0
845,HeftScheduler,1.0326661783235587
846,HeftScheduler,1.0
847,HeftScheduler,1.0
848,HeftScheduler,1.0000011884934092
849,HeftScheduler,1.0
850,HeftScheduler,1.000001493399916
851,HeftScheduler,1.0
852,HeftScheduler,1.0
853,HeftScheduler,1.0
854,HeftScheduler,1.0
855,HeftScheduler,1.0
856,HeftScheduler,1.0
857,HeftScheduler,1.0
858,HeftScheduler,1.00000164763936
859,HeftScheduler,1.0
860,HeftScheduler,1.0
861,HeftScheduler,1.0
862,HeftScheduler,1.0
863,HeftScheduler,1.0
864,HeftScheduler,1.0
865,HeftScheduler,1.0
866,HeftScheduler,1.000001462497136
867,HeftScheduler,1.0
868,HeftScheduler,1.0
869,HeftScheduler,1.0
870,HeftScheduler,1.0
871,HeftScheduler,1.0
872,HeftScheduler,1.0
873,HeftScheduler,1.0
874,HeftScheduler,1.0
875,HeftScheduler,1.0
876,HeftScheduler,1.0
877,HeftScheduler,1.0
878,HeftScheduler,1.0
879,HeftScheduler,1.0
880,HeftScheduler,1.0
881,HeftScheduler,1.0000009790137647
882,HeftScheduler,1.0
883,HeftScheduler,1.0
884,HeftScheduler,1.0
885,HeftScheduler,1.0
886,HeftScheduler,1.0
887,HeftScheduler,1.000001255392365
888,HeftScheduler,1.0
889,HeftScheduler,1.0
890,HeftScheduler,1.0
891,HeftScheduler,1.0
892,HeftScheduler,1.0
893,HeftScheduler,1.0
894,HeftScheduler,1.0000015652959768
895,HeftScheduler,1.0
896,HeftScheduler,1.0
897,HeftScheduler,1.0
898,HeftScheduler,1.0
899,HeftScheduler,1.0
900,MCTScheduler,1.0
901,MCTScheduler,1.0
902,MCTScheduler,1.0
903,MCTScheduler,1.0
904,MCTScheduler,1.067503794638
905,MCTScheduler,1.0
906,MCTScheduler,1.0
907,MCTScheduler,1.0
908,MCTScheduler,1.0
909,MCTScheduler,1.0
910,MCTScheduler,1.0
911,MCTScheduler,1.0
912,MCTScheduler,1.0
913,MCTScheduler,1.0
914,MCTScheduler,1.0
915,MCTScheduler,1.0
916,MCTScheduler,1.0
917,MCTScheduler,1.0
918,MCTScheduler,1.0
919,MCTScheduler,1.0
920,MCTScheduler,1.0
921,MCTScheduler,1.0
922,MCTScheduler,1.0
923,MCTScheduler,1.0
924,MCTScheduler,1.0
925,MCTScheduler,1.0
926,MCTScheduler,1.0
927,MCTScheduler,1.0
928,MCTScheduler,1.0
929,MCTScheduler,1.000001781048206
930,MCTScheduler,1.0
931,MCTScheduler,1.0
932,MCTScheduler,1.0
933,MCTScheduler,1.0
934,MCTScheduler,1.0
935,MCTScheduler,1.0
936,MCTScheduler,1.0
937,MCTScheduler,1.0
938,MCTScheduler,1.0
939,MCTScheduler,1.0
940,MCTScheduler,1.0
941,MCTScheduler,1.0000010067791705
942,MCTScheduler,1.0
943,MCTScheduler,1.0
944,MCTScheduler,1.0
945,MCTScheduler,1.0326651608502557
946,MCTScheduler,1.0
947,MCTScheduler,1.0
948,MCTScheduler,1.0
949,MCTScheduler,1.0
950,MCTScheduler,1.0
951,MCTScheduler,1.0
952,MCTScheduler,1.0
953,MCTScheduler,1.0
954,MCTScheduler,1.0000016096178144
955,MCTScheduler,1.0
956,MCTScheduler,1.0
957,MCTScheduler,1.0
958,MCTScheduler,1.0
959,MCTScheduler,1.0
960,MCTScheduler,1.0
961,MCTScheduler,1.0
962,MCTScheduler,1.0
963,MCTScheduler,1.0
964,MCTScheduler,1.0
965,MCTScheduler,1.0
966,MCTScheduler,1.0
967,MCTScheduler,1.0000015956011128
968,MCTScheduler,1.0
969,MCTScheduler,1.0
970,MCTScheduler,1.0
971,MCTScheduler,1.0
972,MCTScheduler,1.0
973,MCTScheduler,1.0
974,MCTScheduler,1.0
975,MCTScheduler,1.0
976,MCTScheduler,1.0
977,MCTScheduler,1.00000370176265
978,MCTScheduler,1.0
979,MCTScheduler,1.0
980,MCTScheduler,1.0000045140216018
981,MCTScheduler,1.0
982,MCTScheduler,1.0
983,MCTScheduler,1.0
984,MCTScheduler,1.0
985,MCTScheduler,1.0
986,MCTScheduler,1.0
987,MCTScheduler,1.0
988,MCTScheduler,1.0
989,MCTScheduler,1.0000027957597815
990,MCTScheduler,1.0
991,MCTScheduler,1.0
992,MCTScheduler,1.0
993,MCTScheduler,1.0000035480318636
994,MCTScheduler,1.0
995,MCTScheduler,1.0
996,MCTScheduler,1.0
997,MCTScheduler,1.0102602301904955
998,MCTScheduler,1.0
999,MCTScheduler,1.0
1000,METScheduler,1.119040691984365
1001,METScheduler,1.1436777261529916
1002,METScheduler,1.2436949521173617
1003,METScheduler,1.0921224598457908
1004,METScheduler,1.1787467626725756
1005,METScheduler,1.1850560589228807
1006,METScheduler,1.1352362630796586
1007,METScheduler,1.145657655134645
1008,METScheduler,1.2203624167424398
1009,METScheduler,1.1797163905158918
1010,METScheduler,1.2424569456680685
1011,METScheduler,1.0
1012,METScheduler,1.1221137359740285
1013,METScheduler,1.1305639530316867
1014,METScheduler,1.0
1015,METScheduler,1.0
1016,METScheduler,1.1594373560340532
1017,METScheduler,1.1598841054285678
1018,METScheduler,1.2407861528434627
1019,METScheduler,1.1421199713867114
1020,METScheduler,1.2562411221997751
1021,METScheduler,1.144185109948226
1022,METScheduler,1.1843622375460057
1023,METScheduler,1.108192183436917
1024,METScheduler,1.169266757579318
1025,METScheduler,1.0
1026,METScheduler,1.0
1027,METScheduler,1.1721304409366293
1028,METScheduler,1.215641517314609
1029,METScheduler,1.1090796958405147
1030,METScheduler,1.103543763148229
1031,METScheduler,1.1927300182934035
1032,METScheduler,1.0
1033,METScheduler,1.129961737847732
1034,METScheduler,1.15765213011154
1035,METScheduler,1.19864385055167
1036,METScheduler,1.0
1037,METScheduler,1.1534975552089322
1038,METScheduler,1.0
1039,METScheduler,1.149778531340291
1040,METScheduler,1.1134101171691955
1041,METScheduler,1.1749839008645684
1042,METScheduler,1.0
1043,METScheduler,1.1090607036117226
1044,METScheduler,1.129701713897291
1045,METScheduler,1.0326651608502557
1046,METScheduler,1.1639492712748762
1047,METScheduler,1.0
1048,METScheduler,1.0
1049,METScheduler,1.0645786648060984
1050,METScheduler,1.0
1051,METScheduler,1.1705856556355305
1052,METScheduler,1.0
1053,METScheduler,1.0730411585766475
1054,METScheduler,1.2050929066580587
1055,METScheduler,1.2569663287798356
1056,METScheduler,1.2379810888536964
1057,METScheduler,1.2741824979560825
1058,METScheduler,1.0
1059,METScheduler,1.190612725079681
1060,METScheduler,1.2494861981185188
1061,METScheduler,1.1339792134966895
1062,METScheduler,1.0
1063,METScheduler,1.1261583122535548
1064,METScheduler,1.147184021831161
1065,METScheduler,1.1800742240352295
1066,METScheduler,1.0
1067,METScheduler,1.0792221022477233
1068,METScheduler,1.1337098568514583
1069,METScheduler,1.1891975467110596
1070,METScheduler,1.2049484399318862
1071,METScheduler,1.1716219020009415
1072,METScheduler,1.1404838374528703
1073,METScheduler,1.1337909391807555
1074,METScheduler,1.1010261803323786
1075,METScheduler,1.3144789374900867
1076,METScheduler,1.1348185012567924
1077,METScheduler,1.2423255528034196
1078,METScheduler,1.1996143477020997
1079,METScheduler,1.2072296274322074
1080,METScheduler,1.1196690976284598
1081,METScheduler,1.0
1082,METScheduler,1.1387540410783723
1083,METScheduler,1.196292765224296
1084,METScheduler,1.2093201449236228
1085,METScheduler,1.2775418498241882
1086,METScheduler,1.141499996285171
1087,METScheduler,1.0
1088,METScheduler,1.2116885448368444
1089,METScheduler,1.214504814165812
1090,METScheduler,1.1654650773089674
1091,METScheduler,1.209430767157948
1092,METScheduler,1.1905570465694637
1093,METScheduler,1.2034995207907508
1094,METScheduler,1.0
1095,METScheduler,1.151854810563226
1096,METScheduler,1.2458412071481093
1097,METScheduler,1.2388666974280995
1098,METScheduler,1.1624277800739282
1099,METScheduler,1.1506065508851706
1100,MaxMinScheduler,1.0
1101,MaxMinScheduler,1.0
1102,MaxMinScheduler,1.0
1103,MaxMinScheduler,1.0
1104,MaxMinScheduler,1.0000019655753623
1105,MaxMinScheduler,1.0
1106,MaxMinScheduler,1.0
1107,MaxMinScheduler,1.0
1108,MaxMinScheduler,1.0
1109,MaxMinScheduler,1.0
1110,MaxMinScheduler,1.0
1111,MaxMinScheduler,1.0000014596719327
1112,MaxMinScheduler,1.0
1113,MaxMinScheduler,1.0
1114,MaxMinScheduler,1.000001366346449
1115,MaxMinScheduler,1.0
1116,MaxMinScheduler,1.0
1117,MaxMinScheduler,1.0
1118,MaxMinScheduler,1.0
1119,MaxMinScheduler,1.0
1120,MaxMinScheduler,1.0
1121,MaxMinScheduler,1.0
1122,MaxMinScheduler,1.0
1123,MaxMinScheduler,1.0
1124,MaxMinScheduler,1.0
1125,MaxMinScheduler,1.0
1126,MaxMinScheduler,1.0
1127,MaxMinScheduler,1.0
1128,MaxMinScheduler,1.0
1129,MaxMinScheduler,1.0
1130,MaxMinScheduler,1.0
1131,MaxMinScheduler,1.0
1132,MaxMinScheduler,1.00000212436006
1133,MaxMinScheduler,1.0
1134,MaxMinScheduler,1.0
1135,MaxMinScheduler,1.0
1136,MaxMinScheduler,1.0
1137,MaxMinScheduler,1.0
1138,MaxMinScheduler,1.0000009624899866
1139,MaxMinScheduler,1.0
1140,MaxMinScheduler,1.0
1141,MaxMinScheduler,1.0
1142,MaxMinScheduler,1.0000015402917946
1143,MaxMinScheduler,1.0
1144,MaxMinScheduler,1.0
1145,MaxMinScheduler,1.0326661783235587
1146,MaxMinScheduler,1.0
1147,MaxMinScheduler,1.000001949615993
1148,MaxMinScheduler,1.0000013205482325
1149,MaxMinScheduler,1.0
1150,MaxMinScheduler,1.000001493399916
1151,MaxMinScheduler,1.0
1152,MaxMinScheduler,1.0
1153,MaxMinScheduler,1.0
1154,MaxMinScheduler,1.0
1155,MaxMinScheduler,1.0
1156,MaxMinScheduler,1.0
1157,MaxMinScheduler,1.0
1158,MaxMinScheduler,1.00000164763936
1159,MaxMinScheduler,1.0
1160,MaxMinScheduler,1.0
1161,MaxMinScheduler,1.0
1162,MaxMinScheduler,1.0
1163,MaxMinScheduler,1.0
1164,MaxMinScheduler,1.0
1165,MaxMinScheduler,1.0
1166,MaxMinScheduler,1.0000016249968178
1167,MaxMinScheduler,1.0
1168,MaxMinScheduler,1.0
1169,MaxMinScheduler,1.0
1170,MaxMinScheduler,1.0
1171,MaxMinScheduler,1.0
1172,MaxMinScheduler,1.0
1173,MaxMinScheduler,1.0
1174,MaxMinScheduler,1.0
1175,MaxMinScheduler,1.0
1176,MaxMinScheduler,1.0
1177,MaxMinScheduler,1.0
1178,MaxMinScheduler,1.0
1179,MaxMinScheduler,1.0
1180,MaxMinScheduler,1.0
1181,MaxMinScheduler,1.0000009790137647
1182,MaxMinScheduler,1.0
1183,MaxMinScheduler,1.0
1184,MaxMinScheduler,1.0
1185,MaxMinScheduler,1.0
1186,MaxMinScheduler,1.0
1187,MaxMinScheduler,1.000001255392365
1188,MaxMinScheduler,1.0
1189,MaxMinScheduler,1.0
1190,MaxMinScheduler,1.0
1191,MaxMinScheduler,1.0
1192,MaxMinScheduler,1.0
1193,MaxMinScheduler,1.0018817163523392
1194,MaxMinScheduler,1.0000015652959768
1195,MaxMinScheduler,1.0
1196,MaxMinScheduler,1.0
1197,MaxMinScheduler,1.0000020946428612
1198,MaxMinScheduler,1.0
1199,MaxMinScheduler,1.0
1200,MinMinScheduler,1.0
1201,MinMinScheduler,1.0
1202,MinMinScheduler,1.0
1203,MinMinScheduler,1.0
1204,MinMinScheduler,1.0675039911955362
1205,MinMinScheduler,1.0
1206,MinMinScheduler,1.0
1207,MinMinScheduler,1.0
1208,MinMinScheduler,1.0
1209,MinMinScheduler,1.0
1210,MinMinScheduler,1.0
1211,MinMinScheduler,1.0
1212,MinMinScheduler,1.0
1213,MinMinScheduler,1.0
1214,MinMinScheduler,1.0
1215,MinMinScheduler,1.0000020756047805
1216,MinMinScheduler,1.0
1217,MinMinScheduler,1.0
1218,MinMinScheduler,1.0
1219,MinMinScheduler,1.0
1220,MinMinScheduler,1.0
1221,MinMinScheduler,1.0
1222,MinMinScheduler,1.0
1223,MinMinScheduler,1.0
1224,MinMinScheduler,1.0
1225,MinMinScheduler,1.000001652798124
1226,MinMinScheduler,1.000001139377086
1227,MinMinScheduler,1.0
1228,MinMinScheduler,1.0
1229,MinMinScheduler,1.000001781048206
1230,MinMinScheduler,1.0
1231,MinMinScheduler,1.0
1232,MinMinScheduler,1.0
1233,MinMinScheduler,1.0
1234,MinMinScheduler,1.0
1235,MinMinScheduler,1.0
1236,MinMinScheduler,1.0000028026879628
1237,MinMinScheduler,1.0
1238,MinMinScheduler,1.0
1239,MinMinScheduler,1.0
1240,MinMinScheduler,1.0
1241,MinMinScheduler,1.0000010067791705
1242,MinMinScheduler,1.0000015402917948
1243,MinMinScheduler,1.0
1244,MinMinScheduler,1.0
1245,MinMinScheduler,1.0326661783235584
1246,MinMinScheduler,1.0
1247,MinMinScheduler,1.000001949615993
1248,MinMinScheduler,1.0000013205482325
1249,MinMinScheduler,1.0000001551907909
1250,MinMinScheduler,1.000001493399916
1251,MinMinScheduler,1.0
1252,MinMinScheduler,1.0000009854839957
1253,MinMinScheduler,1.0
1254,MinMinScheduler,1.0000016096178144
1255,MinMinScheduler,1.0000001087936405
1256,MinMinScheduler,1.0
1257,MinMinScheduler,1.0000001560336336
1258,MinMinScheduler,1.0
1259,MinMinScheduler,1.0
1260,MinMinScheduler,1.0
1261,MinMinScheduler,1.0
1262,MinMinScheduler,1.0000006072804635
1263,MinMinScheduler,1.0
1264,MinMinScheduler,1.0
1265,MinMinScheduler,1.0
1266,MinMinScheduler,1.0000016249968178
1267,MinMinScheduler,1.0000015956011128
1268,MinMinScheduler,1.0
1269,MinMinScheduler,1.0
1270,MinMinScheduler,1.0
1271,MinMinScheduler,1.0
1272,MinMinScheduler,1.000000312944398
1273,MinMinScheduler,1.0
1274,MinMinScheduler,1.0
1275,MinMinScheduler,1.0
1276,MinMinScheduler,1.0
1277,MinMinScheduler,1.00000370176265
1278,MinMinScheduler,1.0
1279,MinMinScheduler,1.0000004832750289
1280,MinMinScheduler,1.0000045140216018
1281,MinMinScheduler,1.0
1282,MinMinScheduler,1.0
1283,MinMinScheduler,1.0
1284,MinMinScheduler,1.0
1285,MinMinScheduler,1.0
1286,MinMinScheduler,1.0
1287,MinMinScheduler,1.0
1288,MinMinScheduler,1.0
1289,MinMinScheduler,1.0000027957597815
1290,MinMinScheduler,1.0
1291,MinMinScheduler,1.0
1292,MinMinScheduler,1.0
1293,MinMinScheduler,1.0000035480318636
1294,MinMinScheduler,1.0
1295,MinMinScheduler,1.0000003120854721
1296,MinMinScheduler,1.0
1297,MinMinScheduler,1.0102604396547814
1298,MinMinScheduler,1.0
1299,MinMinScheduler,1.0
1300,OLBScheduler,51.069700732933676
1301,OLBScheduler,50.854723834255736
1302,OLBScheduler,50.61302520236351
1303,OLBScheduler,51.24371351679421
1304,OLBScheduler,51.63787627573872
1305,OLBScheduler,51.33254073132929
1306,OLBScheduler,50.86236277847478
1307,OLBScheduler,51.89654243266121
1308,OLBScheduler,52.670206662842915
1309,OLBScheduler,51.24518138293003
1310,OLBScheduler,50.84231401720962
1311,OLBScheduler,43.772792260207694
1312,OLBScheduler,51.791691762884874
1313,OLBScheduler,51.61695147461132
1314,OLBScheduler,44.56908870398856
1315,OLBScheduler,42.25307131046048
1316,OLBScheduler,51.070949749645216
1317,OLBScheduler,50.74112082366495
1318,OLBScheduler,51.52051843543139
1319,OLBScheduler,51.46434508171351
1320,OLBScheduler,51.15370975878039
1321,OLBScheduler,52.375821095268506
1322,OLBScheduler,50.96689869354494
1323,OLBScheduler,51.211416237316854
1324,OLBScheduler,50.58731448538732
1325,OLBScheduler,43.29439458384952
1326,OLBScheduler,40.1707137818051
1327,OLBScheduler,51.75487686226668
1328,OLBScheduler,51.56683290440485
1329,OLBScheduler,51.4842023857674
1330,OLBScheduler,51.53356351240869
1331,OLBScheduler,51.451107651418546
1332,OLBScheduler,45.935953836666094
1333,OLBScheduler,51.073477587488185
1334,OLBScheduler,51.1073817815768
1335,OLBScheduler,51.39499920206732
1336,OLBScheduler,42.8298841918798
1337,OLBScheduler,52.26246198736402
1338,OLBScheduler,44.44804489228528
1339,OLBScheduler,50.775677611721356
1340,OLBScheduler,52.11215247823957
1341,OLBScheduler,50.83898012526138
1342,OLBScheduler,43.00179623652314
1343,OLBScheduler,51.976388664642485
1344,OLBScheduler,51.173875841232196
1345,OLBScheduler,42.92099404231552
1346,OLBScheduler,51.88829225658151
1347,OLBScheduler,44.24225045938642
1348,OLBScheduler,40.36833368121264
1349,OLBScheduler,50.91779224675137
1350,OLBScheduler,45.46805917612512
1351,OLBScheduler,51.080508457170254
1352,OLBScheduler,42.85408020603981
1353,OLBScheduler,52.07145336922025
1354,OLBScheduler,51.3413441545931
1355,OLBScheduler,50.671090674972284
1356,OLBScheduler,51.24043312438312
1357,OLBScheduler,50.46138839247746
1358,OLBScheduler,45.133218809991504
1359,OLBScheduler,51.924174807819654
1360,OLBScheduler,51.581660809363406
1361,OLBScheduler,51.53052074165636
1362,OLBScheduler,43.40636095713578
1363,OLBScheduler,51.64150497922387
1364,OLBScheduler,51.99000122252247
1365,OLBScheduler,51.27248865123484
1366,OLBScheduler,43.65022030413453
1367,OLBScheduler,51.32966360488414
1368,OLBScheduler,51.1133308698316
1369,OLBScheduler,51.106665390849834
1370,OLBScheduler,51.10237741302307
1371,OLBScheduler,50.843149262384166
1372,OLBScheduler,50.925370443834765
1373,OLBScheduler,50.80480501951232
1374,OLBScheduler,50.829110917707126
1375,OLBScheduler,50.72650897008183
1376,OLBScheduler,50.84023523334745
1377,OLBScheduler,51.54239647693153
1378,OLBScheduler,51.26246417970204
1379,OLBScheduler,51.42903477633629
1380,OLBScheduler,51.96397949322255
1381,OLBScheduler,42.94282987542722
1382,OLBScheduler,51.5027020917288
1383,OLBScheduler,51.34775254003193
1384,OLBScheduler,50.77950006910726
1385,OLBScheduler,51.402191593644226
1386,OLBScheduler,51.658265442346654
1387,OLBScheduler,43.362186216472615
1388,OLBScheduler,51.194964266714884
1389,OLBScheduler,51.16489641418057
1390,OLBScheduler,50.7627180257187
1391,OLBScheduler,50.487261544738345
1392,OLBScheduler,50.738123763256965
1393,OLBScheduler,52.95668434973253
1394,OLBScheduler,41.79959230628629
1395,OLBScheduler,50.92283061659051
1396,OLBScheduler,52.02807586001164
1397,OLBScheduler,51.745425748845385
1398,OLBScheduler,51.67710899247037
1399,OLBScheduler,51.07392513175274
1400,WBAScheduler,3.105017252172971
1401,WBAScheduler,7.999374051634296
1402,WBAScheduler,3.874941764736662
1403,WBAScheduler,10.183340798479541
1404,WBAScheduler,5.914806209043826
1405,WBAScheduler,4.75125870493341
1406,WBAScheduler,6.309104581440672
1407,WBAScheduler,6.774526747043876
1408,WBAScheduler,2.891310006052337
1409,WBAScheduler,7.978739971036059
1410,WBAScheduler,3.328722132003836
1411,WBAScheduler,5.55568823021998
1412,WBAScheduler,3.341346830813977
1413,WBAScheduler,6.5241742218040715
1414,WBAScheduler,5.677019631609851
1415,WBAScheduler,5.4535185786331
1416,WBAScheduler,5.129889117484815
1417,WBAScheduler,6.721935943100784
1418,WBAScheduler,3.9443676933838514
1419,WBAScheduler,2.8358808521106824
1420,WBAScheduler,1.9948966133059953
1421,WBAScheduler,8.92300984541105
1422,WBAScheduler,7.300280449934637
1423,WBAScheduler,3.1922471144114906
1424,WBAScheduler,2.7635618359636327
1425,WBAScheduler,4.890463592057725
1426,WBAScheduler,4.324185582494908
1427,WBAScheduler,4.348194723962977
1428,WBAScheduler,4.9704396852065225
1429,WBAScheduler,7.501501670564709
1430,WBAScheduler,3.618190454744061
1431,WBAScheduler,5.460465110182967
1432,WBAScheduler,5.808558835875203
1433,WBAScheduler,4.043020655312943
1434,WBAScheduler,5.252795185127726
1435,WBAScheduler,7.151549667184649
1436,WBAScheduler,5.522545513934492
1437,WBAScheduler,10.9136716695439
1438,WBAScheduler,6.694855626393413
1439,WBAScheduler,6.195164214398191
1440,WBAScheduler,5.164489960787819
1441,WBAScheduler,6.305542650539887
1442,WBAScheduler,6.00286589394943
1443,WBAScheduler,4.197057255893513
1444,WBAScheduler,7.075198940859587
1445,WBAScheduler,5.511753014995441
1446,WBAScheduler,7.704765935391328
1447,WBAScheduler,5.227835837696794
1448,WBAScheduler,5.181104329490581
1449,WBAScheduler,5.914082140139631
1450,WBAScheduler,6.891896117217321
1451,WBAScheduler,6.997675204182353
1452,WBAScheduler,5.202410795827986
1453,WBAScheduler,5.362961644596323
1454,WBAScheduler,5.55356155078519
1455,WBAScheduler,5.2411169766595975
1456,WBAScheduler,4.074929099118241
1457,WBAScheduler,6.032927958090309
1458,WBAScheduler,8.02835878037575
1459,WBAScheduler,6.893295971438406
1460,WBAScheduler,5.306427679641374
1461,WBAScheduler,6.401092676951468
1462,WBAScheduler,5.130541673691817
1463,WBAScheduler,1.6990868356325501
1464,WBAScheduler,6.4935959897401725
1465,WBAScheduler,7.453782031574756
1466,WBAScheduler,6.094359621795105
1467,WBAScheduler,7.9757642870922485
1468,WBAScheduler,2.0478131399554345
1469,WBAScheduler,2.9765069896551433
1470,WBAScheduler,3.3420395557029137
1471,WBAScheduler,1.6383017917644367
1472,WBAScheduler,6.197169816904623
1473,WBAScheduler,8.056759287821118
1474,WBAScheduler,7.196604432999501
1475,WBAScheduler,3.4995139179834176
1476,WBAScheduler,4.679155220659458
1477,WBAScheduler,6.249924716223435
1478,WBAScheduler,4.1857370756625185
1479,WBAScheduler,6.511045305593337
1480,WBAScheduler,5.160656718684997
1481,WBAScheduler,5.293458523465545
1482,WBAScheduler,5.292778229611815
1483,WBAScheduler,4.98890993921864
1484,WBAScheduler,3.0685293391225126
1485,WBAScheduler,5.6424635630509385
1486,WBAScheduler,8.831041915889475
1487,WBAScheduler,5.589063875156622
1488,WBAScheduler,5.314383208330491
1489,WBAScheduler,6.723477828303977
1490,WBAScheduler,7.210679323924142
1491,WBAScheduler,4.301878835461814
1492,WBAScheduler,2.161991543884985
1493,WBAScheduler,7.552537016404159
1494,WBAScheduler,5.653688322870591
1495,WBAScheduler,5.995763300206174
1496,WBAScheduler,2.940711990504486
1497,WBAScheduler,6.183857099222466
1498,WBAScheduler,3.291038805330145
1499,WBAScheduler,6.897046764602603
